species,chrom,array,start,end,span_bp,censat_active,in_published_set,n_win,bz2,H11,gc
chimp,chr11_hap1_hsa9,0,52222838,52259817,36979,False,True,9,2.0124444444444447,10.274970265246315,0.36627777777777776
chimp,chr11_hap1_hsa9,1,52558640,52593622,34982,False,True,9,1.8982222222222225,10.113016138617464,0.3665
chimp,chr11_hap1_hsa9,2,53076097,54794760,1718663,True,True,430,1.8374511627906978,9.850200856826044,0.3823523255813953
chimp,chr11_hap1_hsa9,3,54998403,55019056,20653,False,True,5,1.9023999999999996,10.090923265685642,0.3628
chimp,chr12_hap1_hsa2a,0,28498122,31279666,2781544,True,False,695,1.8869928057553957,9.99159413907072,0.40273237410071944
chimp,chr12_hap1_hsa2a,1,31774812,31801363,26551,False,False,7,1.876,10.10183497979214,0.3642142857142857
chimp,chr13_hap1_hsa2b,0,33187741,33198526,10785,False,False,3,1.9706666666666666,10.250448306674674,0.35966666666666663
chimp,chr13_hap1_hsa2b,1,33198526,34034017,835491,True,False,209,1.8101818181818181,9.920918207442732,0.3782703349282297
chimp,chr13_hap1_hsa2b,2,34034017,34050032,16015,False,False,4,1.8730000000000002,10.063969336972459,0.36437499999999995
chimp,chr14_hap1_hsa13,0,15557753,15563526,5773,False,False,1,1.816,9.951687322657408,0.362
chimp,chr14_hap1_hsa13,1,15582233,17149638,1567405,True,False,392,1.7866428571428572,9.875062536654974,0.3808711734693877
chimp,chr14_hap1_hsa13,2,17172659,17197398,24739,False,False,6,1.9306666666666665,10.189573632458655,0.3636666666666666
chimp,chr15_hap1_hsa14,0,15192905,17140990,1948085,True,False,487,1.5394496919917864,9.408695920061227,0.36924845995893224
chimp,chr15_hap1_hsa14,1,17170198,17180223,10025,False,False,3,1.912,10.10422693227011,0.36199999999999993
chimp,chr16_hap1_hsa15,0,13768485,13779197,10712,False,False,3,1.8826666666666665,10.123743957520658,0.36400000000000005
chimp,chr16_hap1_hsa15,1,13813511,15877441,2063930,True,False,516,1.3949999999999998,9.215325046903605,0.3726744186046511
chimp,chr16_hap1_hsa15,2,15899228,15904183,4955,False,False,1,1.868,10.056818199045425,0.3665
chimp,chr17_hap1_hsa18,0,13544274,13550051,5777,False,False,1,1.812,9.930202454565867,0.3635
chimp,chr17_hap1_hsa18,1,13561461,15829470,2268009,True,False,567,1.535583774250441,9.456101354290338,0.37543121693121695
chimp,chr17_hap1_hsa18,2,15857933,15882673,24740,False,False,6,1.934,10.192762784462426,0.36375
chimp,chr18_hap1_hsa16,0,40930898,40955345,24447,False,False,6,2.0113333333333334,10.25120798341137,0.38491666666666674
chimp,chr18_hap1_hsa16,1,41035816,42685116,1649300,True,False,412,1.5621067961165047,9.477372589207262,0.37341990291262134
chimp,chr18_hap1_hsa16,2,43197564,43205414,7850,False,False,2,1.846,10.030591287030651,0.35624999999999996
chimp,chr20_hap1_hsa19,0,26868901,26876768,7867,False,False,2,1.924,10.1539839583107,0.36924999999999997
chimp,chr20_hap1_hsa19,1,27214610,30242791,3028181,True,False,757,1.5565970937912814,9.461257003331992,0.3837007926023778
chimp,chr21_hap1_hsa20,0,32806243,32863476,57233,False,True,14,1.9705714285714286,10.201441552629873,0.36678571428571427
chimp,chr21_hap1_hsa20,1,32946743,34927143,1980400,True,True,495,1.5348040404040406,9.444130243171884,0.3784909090909091
chimp,chr22_hap1_hsa21,0,12478257,12484038,5781,False,False,1,1.82,9.94120297324678,0.3625
chimp,chr22_hap1_hsa21,1,12502745,14044959,1542214,True,False,386,1.828642487046632,9.951284205114968,0.3861917098445596
chimp,chr22_hap1_hsa21,2,14067464,14092202,24738,False,False,6,1.9299999999999997,10.18410921767659,0.3635
chimp,chr23_hap1_hsa22,0,13267811,18666999,5399188,True,False,1350,1.4710162962962963,9.273803012342178,0.36853185185185183
chimp,chr23_hap1_hsa22,1,18718318,18762748,44430,False,False,11,1.9545454545454541,10.220247474296626,0.3622272727272727
chimp,chr2_hap1_hsa3,0,94870214,95237474,367260,False,True,92,2.0413913043478265,10.37625390945921,0.3576304347826087
chimp,chr2_hap1_hsa3,1,95371795,96892147,1520352,True,True,380,1.6155368421052632,9.533247283576992,0.374296052631579
chimp,chr2_hap1_hsa3,2,96892147,96905941,13794,False,True,3,1.9586666666666666,10.250526552241517,0.3588333333333333
chimp,chr2_hap1_hsa3,3,96917294,96937203,19909,False,True,5,2.1192,10.46480641200262,0.38120000000000004
chimp,chr3_hap1_hsa4,0,78723422,78798884,75462,False,True,19,1.4092631578947366,9.1974056849588,0.3863684210526316
chimp,chr3_hap1_hsa4,1,78976583,81373970,2397387,True,True,599,1.6891819699499167,9.716263591295435,0.3746853088480801
chimp,chr5_hap1_hsa6,0,64391884,65466266,1074382,True,True,269,1.9924312267657995,10.191059326182568,0.4017267657992565
chimp,chr5_hap1_hsa6,1,65654321,65954486,300165,False,True,75,2.007146666666667,10.322864907734118,0.3572133333333333
chimp,chr5_hap1_hsa6,2,67059820,67119383,59563,False,True,15,1.9125333333333334,10.174988749403106,0.36093333333333333
chimp,chr6_hap1_hsa7,0,66592511,66598986,6475,False,False,2,1.794,9.869139109568568,0.36275
chimp,chr6_hap1_hsa7,1,68860121,70510584,1650463,True,False,413,1.6033607748184016,9.546478707919539,0.39160532687651334
chimp,chr6_hap1_hsa7,2,70510584,70518063,7479,False,False,2,2.0380000000000003,10.404452950248988,0.36275
chimp,chr7_hap1_hsa8,0,52236799,52277539,40740,False,True,10,1.9087999999999998,10.146222102598975,0.3656499999999999
chimp,chr7_hap1_hsa8,1,52293211,52326904,33693,False,True,8,2.08,10.457903734239192,0.37625
chimp,chr7_hap1_hsa8,2,52326904,54529873,2202969,True,True,551,1.6225771324863882,9.577032068403197,0.37590834845735027
chimp,chr7_hap1_hsa8,3,54533731,54611595,77864,False,True,19,2.032842105263158,10.358848033353816,0.3619736842105263
chimp,chr7_hap1_hsa8,4,54661106,54670645,9539,False,True,2,1.866,10.087560909291124,0.35575
chimp,chr8_hap1_hsa10,0,52166449,52176448,9999,False,False,2,2.0300000000000002,10.379205761767313,0.36175
chimp,chr8_hap1_hsa10,1,52315186,53714297,1399111,True,False,350,1.53384,9.422513080781181,0.3743057142857143
chimp,chr8_hap1_hsa10,2,53714297,53720594,6297,False,False,2,2.0,10.379772761877355,0.3635
chimp,chrX_hap1_hsaX,0,58592859,58606782,13923,False,False,3,2.005333333333333,10.35809294513579,0.36800000000000005
chimp,chrX_hap1_hsaX,1,58606782,60257124,1650342,True,False,413,2.020910411622276,10.294958620157216,0.4048486682808717
gorilla,chr10_mat_hsa12,0,64031895,64043897,12002,False,False,3,2.028,10.388697251551314,0.36800000000000005
gorilla,chr10_mat_hsa12,1,64043897,66751636,2707739,True,False,677,1.719367799113737,9.730933365711294,0.3900243722304284
gorilla,chr13_mat_hsa9,0,18878098,24879922,6001824,True,False,1500,1.7519306666666665,9.782384995681403,0.368955
gorilla,chr13_mat_hsa9,1,24879922,24895081,15159,False,False,4,1.9149999999999998,10.151592536297507,0.36024999999999996
gorilla,chr15_mat_hsa14,0,41990643,41997472,6829,False,False,2,1.924,10.196031536834674,0.36524999999999996
gorilla,chr15_mat_hsa14,1,41997472,47622299,5624827,True,False,1406,1.7447140825035563,9.729158993830673,0.3636319345661451
gorilla,chr17_mat_hsa18,0,33188947,33191504,2557,False,False,1,1.832,9.935851773012557,0.3675
gorilla,chr17_mat_hsa18,1,33191504,35435240,2243736,True,False,561,1.7796934046345811,9.830857029255542,0.3725213903743316
gorilla,chr20_mat_hsa19,0,30811936,30822990,11054,False,False,3,1.9080000000000001,10.104104849451417,0.37000000000000005
gorilla,chr20_mat_hsa19,1,30822990,38091595,7268605,True,False,1817,1.4960352228948817,9.319179918668691,0.3981524490919097
gorilla,chr21_mat_hsa20,0,36406176,40308146,3901970,True,False,975,1.5263917948717949,9.363712497528155,0.41195948717948716
gorilla,chr21_mat_hsa20,1,40318318,40334513,16195,False,False,4,1.815,9.945274233922671,0.36949999999999994
gorilla,chr22_mat_hsa21,0,11868824,15121200,3252376,True,True,813,1.7443345633456335,9.752369611435373,0.3673431734317343
gorilla,chr22_mat_hsa21,1,15121200,15155611,34411,False,True,9,1.8751111111111112,10.083591045747031,0.36588888888888893
gorilla,chr2_mat_hsa3,0,100720060,101084538,364478,False,True,91,2.004263736263736,10.309905458384751,0.3562637362637363
gorilla,chr2_mat_hsa3,1,101319426,101339580,20154,False,True,5,1.936,10.205639078981369,0.36179999999999995
gorilla,chr2_mat_hsa3,2,101339580,104734647,3395067,True,True,849,1.7465771495877505,9.757601601883916,0.3907950530035336
gorilla,chr2_mat_hsa3,3,104734647,104772362,37715,False,True,9,2.0808888888888886,10.417354109175509,0.37377777777777776
gorilla,chr5_mat_hsa6,0,76056492,80734441,4677949,True,True,1169,1.622525235243798,9.534578110762727,0.4000680068434559
gorilla,chr5_mat_hsa6,1,80944038,81531189,587151,False,True,147,2.012952380952381,10.319310661488794,0.35214285714285715
gorilla,chr5_mat_hsa6,2,82636020,82656199,20179,False,True,5,1.8536000000000001,10.114400335793624,0.3604
gorilla,chr6_mat_hsa7,0,66048787,66055086,6299,False,False,2,1.838,9.960326969962438,0.36275
gorilla,chr6_mat_hsa7,1,66743687,72076149,5332462,True,False,1333,1.653398349587397,9.596355641859864,0.4069141035258815
gorilla,chr6_mat_hsa7,2,72076149,72080228,4079,False,False,1,1.96,10.300079744244588,0.355
gorilla,chr7_mat_hsa8,0,80494604,80521587,26983,False,True,7,1.9171428571428568,10.218523067353313,0.3719285714285715
gorilla,chr7_mat_hsa8,1,80521587,82825081,2303494,True,True,576,1.5639305555555556,9.389719313097995,0.39685069444444454
gorilla,chr8_mat_hsa10,0,73452611,77591923,4139312,True,False,1035,1.5897004830917876,9.467619706846808,0.3926
gorilla,chr8_mat_hsa10,1,77591923,77599249,7326,False,False,2,1.934,10.221292628058265,0.36224999999999996
gorilla,chrX_mat_hsaX,0,68707717,68718620,10903,False,False,3,1.9213333333333333,10.18085724074666,0.36599999999999994
gorilla,chrX_mat_hsaX,1,68907035,72614336,3707301,True,False,927,1.5973592233009708,9.496471992769052,0.4012281553398059
gorilla,chrX_mat_hsaX,2,73866535,73872840,6305,False,False,2,1.904,10.154489214442425,0.3705
bonobo,chr11_mat_hsa9,0,53211493,53243460,31967,False,True,8,1.936,10.16694976223475,0.36287499999999995
bonobo,chr11_mat_hsa9,1,53535958,53569183,33225,False,True,8,1.9015,10.143271633871073,0.366125
bonobo,chr11_mat_hsa9,2,54066867,56827731,2760864,True,True,690,1.6745797101449276,9.620481288908422,0.3786304347826087
bonobo,chr11_mat_hsa9,3,57017834,57039328,21494,False,True,5,1.8864,10.095779872286707,0.363
bonobo,chr12_mat_hsa2a,0,33718300,33740058,21758,False,False,5,1.8856000000000002,10.118996251410191,0.36219999999999997
bonobo,chr12_mat_hsa2a,1,34212651,34399437,186786,True,False,47,1.9988936170212765,10.245284513840664,0.39974468085106385
bonobo,chr14_mat_hsa13,0,11316373,11325297,8924,True,False,2,1.396,9.165010862377201,0.36224999999999996
bonobo,chr14_mat_hsa13,1,11325297,11334359,9062,False,False,2,1.87,10.12027187334434,0.376
bonobo,chr14_mat_hsa13,2,11378707,11384915,6208,True,False,2,1.426,9.198197613148835,0.3615
bonobo,chr14_mat_hsa13,3,11384915,11393989,9074,False,False,2,1.87,10.135334186596534,0.37575000000000003
bonobo,chr15_mat_hsa14,0,15544463,17171722,1627259,False,True,407,1.8160687960687962,9.909900591777065,0.36999631449631454
bonobo,chr15_mat_hsa14,1,17255464,20451808,3196344,True,True,799,1.8356896120150186,9.988265327817942,0.3725744680851064
bonobo,chr15_mat_hsa14,2,20470914,20482824,11910,False,True,3,1.944,10.205956641663944,0.3605
bonobo,chr16_mat_hsa15,0,16674644,16760096,85452,True,False,21,1.7807619047619048,9.874794848464594,0.37276190476190474
bonobo,chr16_mat_hsa15,1,16783244,16788192,4948,False,False,1,1.876,10.0547870387142,0.366
bonobo,chr18_mat_hsa16,0,56897462,56918858,21396,False,True,5,2.0423999999999998,10.307163116400293,0.36760000000000004
bonobo,chr18_mat_hsa16,1,57182016,60200643,3018627,True,True,755,1.8007046357615892,9.911392402232421,0.3787450331125828
bonobo,chr18_mat_hsa16,2,60204382,60213590,9208,False,True,2,1.732,9.763143064658557,0.3685
bonobo,chr18_mat_hsa16,3,60529035,60536890,7855,False,True,2,1.824,9.99033356653609,0.3585
bonobo,chr20_mat_hsa19,0,28390460,35099352,6708892,True,False,1677,1.465669648181276,9.311870701263048,0.38094275491949914
bonobo,chr20_mat_hsa19,1,35103939,35113661,9722,False,False,2,1.788,9.912703114378576,0.36824999999999997
bonobo,chr21_mat_hsa20,0,27157567,27170360,12793,False,True,3,1.8773333333333333,10.060003520711225,0.3665
bonobo,chr21_mat_hsa20,1,27198795,27217831,19036,False,True,5,2.1744,10.5402917478906,0.3719
bonobo,chr21_mat_hsa20,2,27668639,31784415,4115776,True,True,1029,1.6348221574344024,9.60536460257718,0.37338872691933916
bonobo,chr21_mat_hsa20,3,31812797,31820302,7505,False,True,2,1.884,10.089226201886255,0.37024999999999997
bonobo,chr22_mat_hsa21,0,7465635,7474010,8375,False,False,2,1.8820000000000001,10.083415716700422,0.37275
bonobo,chr22_mat_hsa21,1,7488093,7546929,58836,True,False,15,1.9200000000000002,10.136292347830267,0.3691999999999999
bonobo,chr23_mat_hsa22,0,27923505,29165407,1241902,False,True,310,1.8105935483870972,9.89420849297969,0.37258709677419355
bonobo,chr23_mat_hsa22,1,29213078,31517710,2304632,True,True,576,1.662875,9.678909476117083,0.3735494791666667
bonobo,chr23_mat_hsa22,2,31562059,31605440,43381,False,True,11,1.9661818181818178,10.231141323355832,0.3620909090909091
bonobo,chr2_mat_hsa3,0,90998054,91390777,392723,False,False,98,2.044530612244898,10.38046555523205,0.3560255102040816
bonobo,chr2_mat_hsa3,1,91546567,91681547,134980,True,False,34,1.9890588235294118,10.25173545092713,0.38848529411764704
bonobo,chr2_mat_hsa3,2,91687823,91693283,5460,False,False,1,2.088,10.414438146093609,0.371
bonobo,chr5_mat_hsa6,0,69079958,69132640,52682,True,False,13,1.96,10.146761345698156,0.4028461538461539
bonobo,chr5_mat_hsa6,1,69312485,69766196,453711,False,False,113,2.020566371681416,10.345522860471489,0.3540442477876106
bonobo,chr5_mat_hsa6,2,70858715,70917801,59086,False,False,15,1.9200000000000002,10.181484955952016,0.3542333333333333
bonobo,chr6_mat_hsa7,0,75784350,75790826,6476,False,False,2,1.782,9.892245660936075,0.362
bonobo,chr6_mat_hsa7,1,78077418,78093189,15771,True,False,4,1.919,10.148360054667181,0.37274999999999997
bonobo,chr8_mat_hsa10,0,51765403,51775396,9993,False,False,2,2.018,10.33869351485017,0.361
bonobo,chr8_mat_hsa10,1,51914537,53551260,1636723,True,False,409,1.5629339853300734,9.443128080288167,0.37434229828850857
bonobo,chr8_mat_hsa10,2,53551260,53555004,3744,False,False,1,2.084,10.482950635118899,0.3565
bonobo,chrX_mat_hsaX,0,59997205,60011129,13924,False,False,3,2.012,10.358417747391739,0.3681666666666667
bonobo,chrX_mat_hsaX,1,60011129,62096547,2085418,True,False,521,2.0606449136276392,10.377242438558405,0.40216410748560466
