filter,species,chrom,in_published_set,n_arrays,homogeneity_hit,length_hit,lr_hit,active_span_kb,relict_span_kb
all arrays,bonobo,chr11_mat_hsa9,True,4,True,True,True,2760.864,33.225
all arrays,bonobo,chr12_mat_hsa2a,False,2,False,True,False,186.786,21.758
all arrays,bonobo,chr14_mat_hsa13,False,4,True,False,True,8.924,9.074
all arrays,bonobo,chr15_mat_hsa14,True,3,False,True,False,3196.344,1627.259
all arrays,bonobo,chr16_mat_hsa15,False,2,True,True,True,85.452,4.948
all arrays,bonobo,chr18_mat_hsa16,True,4,False,True,False,3018.627,21.396
all arrays,bonobo,chr20_mat_hsa19,False,2,True,True,True,6708.892,9.722
all arrays,bonobo,chr21_mat_hsa20,True,4,True,True,True,4115.776,19.036
all arrays,bonobo,chr22_mat_hsa21,False,2,False,True,False,58.836,8.375
all arrays,bonobo,chr23_mat_hsa22,True,3,True,True,True,2304.632,1241.902
all arrays,bonobo,chr2_mat_hsa3,False,3,True,False,True,134.98,392.723
all arrays,bonobo,chr5_mat_hsa6,False,3,False,False,True,52.682,453.711
all arrays,bonobo,chr6_mat_hsa7,False,2,False,True,False,15.771,6.476
all arrays,bonobo,chr8_mat_hsa10,False,3,True,True,True,1636.723,9.993
all arrays,bonobo,chrX_mat_hsaX,False,2,False,True,False,2085.418,13.924
all arrays,chimp,chr11_hap1_hsa9,True,4,True,True,True,1718.663,36.979
all arrays,chimp,chr12_hap1_hsa2a,False,2,False,True,True,2781.544,26.551
all arrays,chimp,chr13_hap1_hsa2b,False,3,True,True,True,835.491,16.015
all arrays,chimp,chr14_hap1_hsa13,False,3,True,True,True,1567.405,24.739
all arrays,chimp,chr15_hap1_hsa14,False,2,True,True,True,1948.085,10.025
all arrays,chimp,chr16_hap1_hsa15,False,3,True,True,True,2063.93,10.712
all arrays,chimp,chr17_hap1_hsa18,False,3,True,True,True,2268.009,24.74
all arrays,chimp,chr18_hap1_hsa16,False,3,True,True,True,1649.3,24.447
all arrays,chimp,chr20_hap1_hsa19,False,2,True,True,True,3028.181,7.867
all arrays,chimp,chr21_hap1_hsa20,True,2,True,True,True,1980.4,57.233
all arrays,chimp,chr22_hap1_hsa21,False,3,False,True,False,1542.214,24.738
all arrays,chimp,chr23_hap1_hsa22,False,2,True,True,True,5399.188,44.43
all arrays,chimp,chr2_hap1_hsa3,True,4,True,True,True,1520.352,367.26
all arrays,chimp,chr3_hap1_hsa4,True,2,False,True,False,2397.387,75.462
all arrays,chimp,chr5_hap1_hsa6,True,3,False,True,False,1074.382,300.165
all arrays,chimp,chr6_hap1_hsa7,False,3,True,True,True,1650.463,7.479
all arrays,chimp,chr7_hap1_hsa8,True,5,True,True,True,2202.969,77.864
all arrays,chimp,chr8_hap1_hsa10,False,3,True,True,True,1399.111,9.999
all arrays,chimp,chrX_hap1_hsaX,False,2,False,True,True,1650.342,13.923
all arrays,gorilla,chr10_mat_hsa12,False,2,True,True,True,2707.739,12.002
all arrays,gorilla,chr13_mat_hsa9,False,2,True,True,True,6001.824,15.159
all arrays,gorilla,chr15_mat_hsa14,False,2,True,True,True,5624.827,6.829
all arrays,gorilla,chr17_mat_hsa18,False,2,True,True,True,2243.736,2.557
all arrays,gorilla,chr20_mat_hsa19,False,2,True,True,True,7268.605,11.054
all arrays,gorilla,chr21_mat_hsa20,False,2,True,True,True,3901.97,16.195
all arrays,gorilla,chr22_mat_hsa21,True,2,True,True,True,3252.376,34.411
all arrays,gorilla,chr2_mat_hsa3,True,4,True,True,True,3395.067,364.478
all arrays,gorilla,chr5_mat_hsa6,True,3,True,True,True,4677.949,587.151
all arrays,gorilla,chr6_mat_hsa7,False,3,True,True,True,5332.462,6.299
all arrays,gorilla,chr7_mat_hsa8,True,2,True,True,True,2303.494,26.983
all arrays,gorilla,chr8_mat_hsa10,False,2,True,True,True,4139.312,7.326
all arrays,gorilla,chrX_mat_hsaX,False,3,True,True,True,3707.301,10.903
>= 5 windows,bonobo,chr11_mat_hsa9,True,4,True,True,True,2760.864,33.225
>= 5 windows,bonobo,chr12_mat_hsa2a,False,2,False,True,False,186.786,21.758
>= 5 windows,bonobo,chr15_mat_hsa14,True,2,False,True,False,3196.344,1627.259
>= 5 windows,bonobo,chr18_mat_hsa16,True,2,True,True,True,3018.627,21.396
>= 5 windows,bonobo,chr21_mat_hsa20,True,2,True,True,True,4115.776,19.036
>= 5 windows,bonobo,chr23_mat_hsa22,True,3,True,True,True,2304.632,1241.902
>= 5 windows,bonobo,chr2_mat_hsa3,False,2,True,False,True,134.98,392.723
>= 5 windows,bonobo,chr5_mat_hsa6,False,3,False,False,True,52.682,453.711
>= 5 windows,chimp,chr11_hap1_hsa9,True,4,True,True,True,1718.663,36.979
>= 5 windows,chimp,chr12_hap1_hsa2a,False,2,False,True,True,2781.544,26.551
>= 5 windows,chimp,chr14_hap1_hsa13,False,2,True,True,True,1567.405,24.739
>= 5 windows,chimp,chr17_hap1_hsa18,False,2,True,True,True,2268.009,24.74
>= 5 windows,chimp,chr18_hap1_hsa16,False,2,True,True,True,1649.3,24.447
>= 5 windows,chimp,chr21_hap1_hsa20,True,2,True,True,True,1980.4,57.233
>= 5 windows,chimp,chr22_hap1_hsa21,False,2,True,True,True,1542.214,24.738
>= 5 windows,chimp,chr23_hap1_hsa22,False,2,True,True,True,5399.188,44.43
>= 5 windows,chimp,chr2_hap1_hsa3,True,3,True,True,True,1520.352,367.26
>= 5 windows,chimp,chr3_hap1_hsa4,True,2,False,True,False,2397.387,75.462
>= 5 windows,chimp,chr5_hap1_hsa6,True,3,False,True,False,1074.382,300.165
>= 5 windows,chimp,chr7_hap1_hsa8,True,4,True,True,True,2202.969,77.864
>= 5 windows,gorilla,chr22_mat_hsa21,True,2,True,True,True,3252.376,34.411
>= 5 windows,gorilla,chr2_mat_hsa3,True,4,True,True,True,3395.067,364.478
>= 5 windows,gorilla,chr5_mat_hsa6,True,3,True,True,True,4677.949,587.151
>= 5 windows,gorilla,chr7_mat_hsa8,True,2,True,True,True,2303.494,26.983
