species,chrom,in_published_set,n_active,n_inactive,active_bp_max,inactive_bp_max,longest_is_active
chimp,chr11_hap1_hsa9,True,1,3,1718663,36979,True
chimp,chr11_hap2_hsa9,False,1,2,3043946,39701,True
chimp,chr12_hap1_hsa2a,False,1,1,2781544,26551,True
chimp,chr12_hap2_hsa2a,False,1,1,1039335,29795,True
chimp,chr13_hap1_hsa2b,False,1,2,835491,16015,True
chimp,chr13_hap2_hsa2b,False,1,2,811602,14483,True
chimp,chr14_hap1_hsa13,False,1,2,1567405,24739,True
chimp,chr14_hap2_hsa13,False,1,2,986004,24740,True
chimp,chr15_hap1_hsa14,False,1,1,1948085,10025,True
chimp,chr15_hap2_hsa14,False,1,2,2031560,635046,True
chimp,chr16_hap1_hsa15,False,1,2,2063930,10712,True
chimp,chr16_hap2_hsa15,False,1,2,2414435,10712,True
chimp,chr17_hap1_hsa18,False,1,2,2268009,24740,True
chimp,chr17_hap2_hsa18,False,1,2,2092825,24401,True
chimp,chr18_hap1_hsa16,False,1,2,1649300,24447,True
chimp,chr18_hap2_hsa16,False,1,2,1951211,24449,True
chimp,chr20_hap1_hsa19,False,1,1,3028181,7867,True
chimp,chr20_hap2_hsa19,False,1,1,3985471,7867,True
chimp,chr21_hap1_hsa20,True,1,1,1980400,57233,True
chimp,chr21_hap2_hsa20,False,1,1,3115152,57402,True
chimp,chr22_hap1_hsa21,False,1,2,1542214,24738,True
chimp,chr22_hap2_hsa21,False,1,2,1450038,24742,True
chimp,chr23_hap1_hsa22,False,1,1,5399188,44430,True
chimp,chr23_hap2_hsa22,False,1,1,2068574,44431,True
chimp,chr2_hap1_hsa3,True,1,3,1520352,367260,True
chimp,chr2_hap2_hsa3,False,1,3,1551991,446385,True
chimp,chr3_hap1_hsa4,True,1,1,2397387,75462,True
chimp,chr3_hap2_hsa4,False,1,1,2286770,56199,True
chimp,chr5_hap1_hsa6,True,1,2,1074382,300165,True
chimp,chr5_hap2_hsa6,False,1,3,1331752,281197,True
chimp,chr6_hap1_hsa7,False,1,2,1650463,7479,True
chimp,chr6_hap2_hsa7,False,1,2,1200052,7478,True
chimp,chr7_hap1_hsa8,True,1,4,2202969,77864,True
chimp,chr7_hap2_hsa8,False,1,4,3549595,87602,True
chimp,chr8_hap1_hsa10,False,1,2,1399111,9999,True
chimp,chr8_hap2_hsa10,False,1,2,1762214,9998,True
chimp,chrX_hap1_hsaX,False,1,1,1650342,13923,True
gorilla,chr10_mat_hsa12,False,1,1,2707739,12002,True
gorilla,chr10_pat_hsa12,False,1,1,3118057,10317,True
gorilla,chr13_mat_hsa9,False,1,1,6001824,15159,True
gorilla,chr13_pat_hsa9,False,1,1,4745236,15159,True
gorilla,chr15_mat_hsa14,False,1,1,5624827,6829,True
gorilla,chr15_pat_hsa14,False,1,1,6108851,6829,True
gorilla,chr17_mat_hsa18,False,1,1,2243736,2557,True
gorilla,chr17_pat_hsa18,False,1,1,3618858,4774,True
gorilla,chr20_mat_hsa19,False,1,1,7268605,11054,True
gorilla,chr20_pat_hsa19,False,1,1,3534285,12590,True
gorilla,chr21_mat_hsa20,False,1,1,3901970,16195,True
gorilla,chr21_pat_hsa20,False,1,1,5177893,14148,True
gorilla,chr22_mat_hsa21,True,1,1,3252376,34411,True
gorilla,chr22_pat_hsa21,False,1,1,3749755,34411,True
gorilla,chr2_mat_hsa3,True,1,3,3395067,364478,True
gorilla,chr2_pat_hsa3,False,1,3,3203684,326090,True
gorilla,chr5_mat_hsa6,True,1,2,4677949,587151,True
gorilla,chr5_pat_hsa6,False,1,3,3222906,202236,True
gorilla,chr6_mat_hsa7,False,1,2,5332462,6299,True
gorilla,chr6_pat_hsa7,False,1,2,5735155,6300,True
gorilla,chr7_mat_hsa8,True,1,1,2303494,26983,True
gorilla,chr7_pat_hsa8,False,1,1,3124176,10402,True
gorilla,chr8_mat_hsa10,False,1,1,4139312,7326,True
gorilla,chr8_pat_hsa10,False,1,1,6413096,7145,True
gorilla,chrX_mat_hsaX,False,1,2,3707301,10903,True
bonobo,chr11_mat_hsa9,True,1,3,2760864,33225,True
bonobo,chr11_pat_hsa9,False,1,3,4134826,43049,True
bonobo,chr12_mat_hsa2a,False,1,1,186786,21758,True
bonobo,chr12_pat_hsa2a,False,1,1,52505,15788,True
bonobo,chr14_mat_hsa13,False,2,2,8924,9074,False
bonobo,chr15_mat_hsa14,True,1,2,3196344,1627259,True
bonobo,chr15_pat_hsa14,False,1,2,2154055,708662,True
bonobo,chr16_mat_hsa15,False,1,1,85452,4948,True
bonobo,chr16_pat_hsa15,False,1,1,106649,4948,True
bonobo,chr17_pat_hsa18,False,2,2,17067,9062,True
bonobo,chr18_mat_hsa16,True,1,3,3018627,21396,True
bonobo,chr18_pat_hsa16,False,1,3,2779510,21390,True
bonobo,chr20_mat_hsa19,False,1,1,6708892,9722,True
bonobo,chr21_mat_hsa20,True,1,3,4115776,19036,True
bonobo,chr21_pat_hsa20,False,1,3,3967868,19994,True
bonobo,chr22_mat_hsa21,False,1,1,58836,8375,True
bonobo,chr22_pat_hsa21,False,1,1,32077,8893,True
bonobo,chr23_mat_hsa22,True,1,2,2304632,1241902,True
bonobo,chr23_pat_hsa22,False,1,3,674718,1163764,False
bonobo,chr2_mat_hsa3,False,1,2,134980,392723,False
bonobo,chr2_pat_hsa3,False,1,2,329104,630239,False
bonobo,chr5_mat_hsa6,False,1,2,52682,453711,False
bonobo,chr5_pat_hsa6,False,1,2,69363,1659367,False
bonobo,chr6_mat_hsa7,False,1,1,15771,6476,True
bonobo,chr6_pat_hsa7,False,1,2,78399,6476,True
bonobo,chr8_mat_hsa10,False,1,2,1636723,9993,True
bonobo,chr8_pat_hsa10,False,1,2,3240292,9992,True
bonobo,chrX_mat_hsaX,False,1,1,2085418,13924,True
