species,chrom,in_published_15,censat_verified,n_arrays,n_active_hor,n_dhor,locus_span_kb,total_array_kb,min_array_kb,active_span_kb,active_span_total_kb,largest_dhor_kb,total_dhor_kb,size_ratio_active_vs_largest_dhor,difficulty,small_active_lt200kb,active_is_largest,length_call_array,length_call_span_kb,length_hit,length_failure,homog_call_array,homog_call_bz2,homogeneity_hit,model_call_array,model_call_p,model_hit,bz2_best_active,bz2_best_dhor,H11_best_active,H11_best_dhor,p_best_active,p_best_dhor,gc_active_mean,gc_dhor_mean,gc_delta_active_minus_dhor
bonobo,chr11_mat_hsa9,True,True,4,1,3,3827.835,2847.55,21.494,2760.864,2760.864,33.225,86.686,83.096,trivial (>20x),False,True,2,2760.864,True,False,2,1.6746,True,2,0.926,True,1.6746,1.8864,9.6205,10.0958,0.926,0.4149,0.3786,0.3641,0.0145
bonobo,chr12_mat_hsa2a,False,True,2,1,1,681.137,208.544,21.758,186.786,186.786,21.758,21.758,8.5847,easy (5-20x),True,True,1,186.786,True,False,0,1.8856,False,0,0.3903,False,1.9989,1.8856,10.2453,10.119,0.1973,0.3903,0.3997,0.3622,0.0375
bonobo,chr14_mat_hsa13,False,True,4,2,2,77.616,33.268,6.208,8.924,15.132,9.074,18.136,0.9835,inverted (<1x),True,False,3,9.074,False,True,0,1.396,True,0,0.9961,True,1.396,1.87,9.165,10.1203,0.9961,0.4016,0.3619,0.3759,-0.014
bonobo,chr15_mat_hsa14,True,True,3,1,2,4938.361,4835.513,11.91,3196.344,3196.344,1627.259,1639.169,1.9643,hard (1-2x),False,True,1,3196.344,True,False,0,1.8161,False,0,0.6761,False,1.8357,1.8161,9.9883,9.9099,0.5781,0.6761,0.3726,0.3699,0.0027
bonobo,chr16_mat_hsa15,False,True,2,1,1,113.548,90.4,4.948,85.452,85.452,4.948,4.948,17.27,easy (5-20x),True,True,0,85.452,True,False,0,1.7808,True,0,0.734,True,1.7808,1.876,9.8748,10.0548,0.734,0.4692,0.3728,0.366,0.0068
bonobo,chr18_mat_hsa16,True,True,4,1,3,3639.428,3057.086,7.855,3018.627,3018.627,21.396,38.459,141.0837,trivial (>20x),False,True,1,3018.627,True,False,2,1.732,False,2,0.8437,False,1.8007,1.732,9.9114,9.7631,0.686,0.8437,0.3787,0.3658,0.0129
bonobo,chr20_mat_hsa19,False,True,2,1,1,6723.201,6718.614,9.722,6708.892,6708.892,9.722,9.722,690.0732,trivial (>20x),False,True,0,6708.892,True,False,0,1.4657,True,0,0.9904,True,1.4657,1.788,9.3119,9.9127,0.9904,0.694,0.3809,0.3682,0.0127
bonobo,chr21_mat_hsa20,True,True,4,1,3,4662.735,4155.11,7.505,4115.776,4115.776,19.036,39.334,216.2101,trivial (>20x),False,True,2,4115.776,True,False,2,1.6348,True,2,0.9388,True,1.6348,1.8773,9.6054,10.06,0.9388,0.4622,0.3734,0.37,0.0034
bonobo,chr22_mat_hsa21,False,True,2,1,1,81.294,67.211,8.375,58.836,58.836,8.375,8.375,7.0252,easy (5-20x),True,True,1,58.836,True,False,0,1.882,False,0,0.4322,False,1.92,1.882,10.1363,10.0834,0.3449,0.4322,0.3692,0.3728,-0.0036
bonobo,chr23_mat_hsa22,True,True,3,1,2,3681.935,3589.915,43.381,2304.632,2304.632,1241.902,1285.283,1.8557,hard (1-2x),False,True,1,2304.632,True,False,1,1.6629,True,1,0.9091,True,1.6629,1.8106,9.6789,9.8942,0.9091,0.6954,0.3735,0.3722,0.0013
bonobo,chr2_mat_hsa3,False,True,3,1,2,695.229,533.163,5.46,134.98,134.98,392.723,398.183,0.3437,inverted (<1x),True,False,0,392.723,False,True,1,1.9891,True,1,0.198,True,1.9891,2.0445,10.2517,10.3805,0.198,0.1025,0.3885,0.3562,0.0323
bonobo,chr5_mat_hsa6,False,True,3,1,2,1837.843,565.479,52.682,52.682,52.682,453.711,512.797,0.1161,inverted (<1x),True,False,1,453.711,False,True,2,1.92,False,0,0.3046,True,1.96,1.92,10.1468,10.1815,0.3046,0.3003,0.4028,0.3541,0.0487
bonobo,chr6_mat_hsa7,False,True,2,1,1,2308.839,22.247,6.476,15.771,15.771,6.476,6.476,2.4353,moderate (2-5x),True,True,1,15.771,True,False,0,1.782,False,0,0.7175,False,1.919,1.782,10.1484,9.8922,0.3334,0.7175,0.3727,0.362,0.0107
bonobo,chr8_mat_hsa10,False,True,3,1,2,1789.601,1650.46,3.744,1636.723,1636.723,9.993,13.737,163.787,trivial (>20x),False,True,1,1636.723,True,False,1,1.5629,True,1,0.9761,True,1.5629,2.018,9.4431,10.3387,0.9761,0.1312,0.3743,0.3595,0.0148
bonobo,chrX_mat_hsaX,False,True,2,1,1,2099.342,2099.342,13.924,2085.418,2085.418,13.924,13.924,149.7715,trivial (>20x),False,True,1,2085.418,True,False,0,2.012,False,0,0.1235,False,2.0606,2.012,10.3772,10.3584,0.0988,0.1235,0.4022,0.3682,0.034
chimp,chr11_hap1_hsa9,True,True,4,1,3,2796.218,1811.277,20.653,1718.663,1718.663,36.979,92.614,46.4767,trivial (>20x),False,True,2,1718.663,True,False,2,1.8375,True,2,0.7177,True,1.8375,1.8982,9.8502,10.0909,0.7177,0.407,0.3824,0.3656,0.0168
chimp,chr12_hap1_hsa2a,False,True,2,1,1,3303.241,2808.095,26.551,2781.544,2781.544,26.551,26.551,104.7623,trivial (>20x),False,True,0,2781.544,True,False,1,1.876,False,0,0.5312,True,1.887,1.876,9.9916,10.1018,0.5312,0.4168,0.4027,0.3642,0.0385
chimp,chr13_hap1_hsa2b,False,True,3,1,2,862.291,862.291,10.785,835.491,835.491,16.015,26.8,52.1693,trivial (>20x),False,True,1,835.491,True,False,1,1.8102,True,1,0.6696,True,1.8102,1.873,9.9209,10.064,0.6696,0.4615,0.3783,0.3624,0.0159
chimp,chr14_hap1_hsa13,False,True,3,1,2,1639.645,1597.917,5.773,1567.405,1567.405,24.739,30.512,63.3577,trivial (>20x),False,True,1,1567.405,True,False,1,1.7866,True,1,0.7298,True,1.7866,1.816,9.8751,9.9517,0.7298,0.6335,0.3809,0.3634,0.0175
chimp,chr15_hap1_hsa14,False,True,2,1,1,1987.318,1958.11,10.025,1948.085,1948.085,10.025,10.025,194.3227,trivial (>20x),False,True,0,1948.085,True,False,0,1.5394,True,0,0.981,True,1.5394,1.912,9.4087,10.1042,0.981,0.3848,0.3692,0.362,0.0072
chimp,chr16_hap1_hsa15,False,True,3,1,2,2135.698,2079.597,4.955,2063.93,2063.93,10.712,15.667,192.6746,trivial (>20x),False,True,1,2063.93,True,False,1,1.395,True,1,0.9951,True,1.395,1.868,9.2153,10.0568,0.9951,0.4738,0.3727,0.3646,0.0081
chimp,chr17_hap1_hsa18,False,True,3,1,2,2338.399,2298.526,5.777,2268.009,2268.009,24.74,30.517,91.6738,trivial (>20x),False,True,1,2268.009,True,False,1,1.5356,True,1,0.9769,True,1.5356,1.812,9.4561,9.9302,0.9769,0.6588,0.3754,0.3637,0.0117
chimp,chr18_hap1_hsa16,False,True,3,1,2,2274.516,1681.597,7.85,1649.3,1649.3,24.447,32.297,67.4643,trivial (>20x),False,True,1,1649.3,True,False,1,1.5621,True,1,0.9723,True,1.5621,1.846,9.4774,10.0306,0.9723,0.5221,0.3734,0.3777,-0.0043
chimp,chr20_hap1_hsa19,False,True,2,1,1,3373.89,3036.048,7.867,3028.181,3028.181,7.867,7.867,384.922,trivial (>20x),False,True,1,3028.181,True,False,1,1.5566,True,1,0.9746,True,1.5566,1.924,9.4613,10.154,0.9746,0.3241,0.3837,0.3692,0.0145
chimp,chr21_hap1_hsa20,True,True,2,1,1,2120.9,2037.633,57.233,1980.4,1980.4,57.233,57.233,34.6024,trivial (>20x),False,True,1,1980.4,True,False,1,1.5348,True,1,0.9781,True,1.5348,1.9706,9.4441,10.2014,0.9781,0.2482,0.3785,0.3668,0.0117
chimp,chr22_hap1_hsa21,False,True,3,1,2,1613.945,1572.733,5.781,1542.214,1542.214,24.738,30.519,62.3419,trivial (>20x),False,True,1,1542.214,True,False,0,1.82,False,0,0.6413,False,1.8286,1.82,9.9513,9.9412,0.6239,0.6413,0.3862,0.3634,0.0228
chimp,chr23_hap1_hsa22,False,True,2,1,1,5494.937,5443.618,44.43,5399.188,5399.188,44.43,44.43,121.5212,trivial (>20x),False,True,0,5399.188,True,False,0,1.471,True,0,0.9917,True,1.471,1.9545,9.2738,10.2202,0.9917,0.2425,0.3685,0.3622,0.0063
chimp,chr2_hap1_hsa3,True,True,4,1,3,2066.989,1921.315,13.794,1520.352,1520.352,367.26,400.963,4.1397,moderate (2-5x),False,True,1,1520.352,True,False,1,1.6155,True,1,0.9578,True,1.6155,1.9587,9.5332,10.2505,0.9578,0.2159,0.3743,0.3588,0.0155
chimp,chr3_hap1_hsa4,True,True,2,1,1,2650.548,2472.849,75.462,2397.387,2397.387,75.462,75.462,31.7695,trivial (>20x),False,True,1,2397.387,True,False,0,1.4093,False,0,0.9952,False,1.6892,1.4093,9.7163,9.1974,0.8853,0.9952,0.3747,0.3864,-0.0117
chimp,chr5_hap1_hsa6,True,True,3,1,2,2727.499,1434.11,59.563,1074.382,1074.382,300.165,359.728,3.5793,moderate (2-5x),False,True,0,1074.382,True,False,2,1.9125,False,2,0.3119,False,1.9924,1.9125,10.1911,10.175,0.243,0.3119,0.4017,0.3578,0.0439
chimp,chr6_hap1_hsa7,False,True,3,1,2,3925.552,1664.417,6.475,1650.463,1650.463,7.479,13.954,220.6796,trivial (>20x),False,True,1,1650.463,True,False,1,1.6034,True,1,0.9571,True,1.6034,1.794,9.5465,9.8691,0.9571,0.7302,0.3916,0.3628,0.0288
chimp,chr7_hap1_hsa8,True,True,5,1,4,2433.846,2364.805,9.539,2202.969,2202.969,77.864,161.836,28.2925,trivial (>20x),False,True,2,2202.969,True,False,2,1.6226,True,2,0.9479,True,1.6226,1.866,9.577,10.0876,0.9479,0.441,0.3759,0.3655,0.0104
chimp,chr8_hap1_hsa10,False,True,3,1,2,1554.145,1415.407,6.297,1399.111,1399.111,9.999,16.296,139.9251,trivial (>20x),False,True,1,1399.111,True,False,1,1.5338,True,1,0.9802,True,1.5338,2.0,9.4225,10.3792,0.9802,0.1177,0.3743,0.3626,0.0117
chimp,chrX_hap1_hsaX,False,True,2,1,1,1664.265,1664.265,13.923,1650.342,1650.342,13.923,13.923,118.5335,trivial (>20x),False,True,1,1650.342,True,False,0,2.0053,False,1,0.1541,True,2.0209,2.0053,10.295,10.3581,0.1541,0.1262,0.4048,0.368,0.0368
gorilla,chr10_mat_hsa12,False,True,2,1,1,2719.741,2719.741,12.002,2707.739,2707.739,12.002,12.002,225.6073,trivial (>20x),False,True,1,2707.739,True,False,1,1.7194,True,1,0.867,True,1.7194,2.028,9.7309,10.3887,0.867,0.1043,0.39,0.368,0.022
gorilla,chr13_mat_hsa9,False,True,2,1,1,6016.983,6016.983,15.159,6001.824,6001.824,15.159,15.159,395.9248,trivial (>20x),False,True,0,6001.824,True,False,0,1.7519,True,0,0.8222,True,1.7519,1.915,9.7824,10.1516,0.8222,0.3332,0.369,0.3602,0.0088
gorilla,chr15_mat_hsa14,False,True,2,1,1,5631.656,5631.656,6.829,5624.827,5624.827,6.829,6.829,823.6677,trivial (>20x),False,True,1,5624.827,True,False,1,1.7447,True,1,0.8577,True,1.7447,1.924,9.7292,10.196,0.8577,0.2839,0.3636,0.3652,-0.0016
gorilla,chr17_mat_hsa18,False,True,2,1,1,2246.293,2246.293,2.557,2243.736,2243.736,2.557,2.557,877.4877,trivial (>20x),False,True,1,2243.736,True,False,1,1.7797,True,1,0.7716,True,1.7797,1.832,9.8309,9.9359,0.7716,0.6375,0.3725,0.3675,0.005
gorilla,chr20_mat_hsa19,False,True,2,1,1,7279.659,7279.659,11.054,7268.605,7268.605,11.054,11.054,657.5543,trivial (>20x),False,True,1,7268.605,True,False,1,1.496,True,1,0.989,True,1.496,1.908,9.3192,10.1041,0.989,0.3881,0.3982,0.37,0.0282
gorilla,chr21_mat_hsa20,False,True,2,1,1,3928.337,3918.165,16.195,3901.97,3901.97,16.195,16.195,240.9367,trivial (>20x),False,True,0,3901.97,True,False,0,1.5264,True,0,0.9851,True,1.5264,1.815,9.3637,9.9453,0.9851,0.641,0.412,0.3695,0.0425
gorilla,chr22_mat_hsa21,True,True,2,1,1,3286.787,3286.787,34.411,3252.376,3252.376,34.411,34.411,94.5156,trivial (>20x),False,True,0,3252.376,True,False,0,1.7443,True,0,0.8446,True,1.7443,1.8751,9.7524,10.0836,0.8446,0.4377,0.3673,0.3659,0.0014
gorilla,chr2_mat_hsa3,True,True,4,1,3,4052.302,3817.414,20.154,3395.067,3395.067,364.478,422.347,9.3149,easy (5-20x),False,True,2,3395.067,True,False,2,1.7466,True,2,0.8404,True,1.7466,1.936,9.7576,10.2056,0.8404,0.2671,0.3908,0.358,0.0328
gorilla,chr5_mat_hsa6,True,True,3,1,2,6599.707,5285.279,20.179,4677.949,4677.949,587.151,607.33,7.9672,easy (5-20x),False,True,0,4677.949,True,False,0,1.6225,True,0,0.9566,True,1.6225,1.8536,9.5346,10.1144,0.9566,0.4216,0.4001,0.3524,0.0477
gorilla,chr6_mat_hsa7,False,True,3,1,2,6031.441,5342.84,4.079,5332.462,5332.462,6.299,10.378,846.5569,trivial (>20x),False,True,1,5332.462,True,False,1,1.6534,True,1,0.9375,True,1.6534,1.838,9.5964,9.9603,0.9375,0.6067,0.4069,0.3602,0.0467
gorilla,chr7_mat_hsa8,True,True,2,1,1,2330.477,2330.477,26.983,2303.494,2303.494,26.983,26.983,85.3683,trivial (>20x),False,True,1,2303.494,True,False,1,1.5639,True,1,0.9811,True,1.5639,1.9171,9.3897,10.2185,0.9811,0.2682,0.3969,0.3719,0.025
gorilla,chr8_mat_hsa10,False,True,2,1,1,4146.638,4146.638,7.326,4139.312,4139.312,7.326,7.326,565.0167,trivial (>20x),False,True,0,4139.312,True,False,0,1.5897,True,0,0.9709,True,1.5897,1.934,9.4676,10.2213,0.9709,0.2547,0.3926,0.3622,0.0304
gorilla,chrX_mat_hsaX,False,True,3,1,2,5165.123,3724.509,6.305,3707.301,3707.301,10.903,17.208,340.0258,trivial (>20x),False,True,1,3707.301,True,False,1,1.5974,True,1,0.9661,True,1.5974,1.904,9.4965,10.1545,0.9661,0.3387,0.4012,0.3678,0.0334
