chrom,array,n_win,bz2,H11,gc,censat_active,cenpa
chr1,0,10,2.1719999999999997,10.592819699242474,0.42225,False,9.62461587387417
chr1,1,31,2.1952258064516132,10.61505004486121,0.4294677419354838,False,6.767516235496087
chr1,2,1127,1.635041703637977,9.512061825219751,0.3906517302573203,True,9.537681630284172
chr1,3,72,2.0899444444444444,10.470050581115466,0.41183333333333333,False,6.42989441229519
chr1,4,5,2.1024000000000003,10.344894919422847,0.4191,False,21.286876875772066
chr1,5,6,2.112666666666667,10.436621441709134,0.42224999999999996,False,19.343460224949883
chr1,6,17,2.096,10.34990139424364,0.4115588235294117,False,5.5685011905899895
chr3,0,169,2.031360946745562,10.345862854243833,0.3765887573964497,False,3.57566510394095
chr3,1,214,1.9645794392523366,10.200248387411229,0.3826331775700935,True,15.485112151121024
chr3,2,9,1.9573333333333334,10.196912812380228,0.3765555555555556,True,28.01957994898091
chr3,3,138,1.9727246376811594,10.221017131377915,0.38423550724637684,True,10.638346438642685
chr4,0,182,1.9005934065934065,10.094117285805025,0.37543956043956045,True,12.619315815716817
chr4,1,689,1.8864441219158201,10.067579811211319,0.3756857764876632,True,6.909445301115957
chr4,2,55,1.954981818181818,10.19827174545952,0.37315454545454535,True,13.901788968713715
chr4,3,26,1.9998461538461538,10.259483564579982,0.4032884615384616,False,2.50420245724693
chr5,0,17,2.070823529411765,10.408958961775236,0.3919117647058824,False,3.770781796587032
chr5,1,52,2.006076923076923,10.302096200219712,0.3859903846153847,False,3.723873241725627
chr5,3,6,2.0033333333333334,10.301936965648293,0.38733333333333336,False,9.311737774293187
chr5,4,630,1.590615873015873,9.49050832809851,0.3911460317460318,True,21.130004154160492
chr5,5,83,1.9000481927710842,10.117099478421416,0.381722891566265,False,3.0456541955157226
chr5,6,16,1.98325,10.253722094091703,0.38771875,False,5.427940299973096
chr5,7,75,2.0573866666666665,10.378040025290701,0.3951666666666667,False,5.910073274708972
chr7,0,51,1.970901960784314,10.2348079517645,0.3780882352941176,False,3.6192811445130126
chr7,1,825,1.5220751515151516,9.490493739902702,0.3900351515151515,True,6.424526241468328
chr10,0,508,1.727716535433071,9.802013972395196,0.3814035433070866,True,12.714557365033777
chr10,1,29,1.92,10.151690712927746,0.37853448275862067,False,7.795728797136053
chr10,2,25,1.9335999999999998,10.140930616989488,0.3818,False,6.527332293866449
chr10,3,11,1.8770909090909087,10.069521564493671,0.3804545454545455,False,4.401835793900445
chr11,1,7,1.972,10.235361077208792,0.39521428571428574,True,3.811592105408706
chr11,2,838,1.747747016706444,9.740984395688258,0.4004516706443914,True,9.055487831767561
chr11,3,7,2.14,10.599051946860133,0.4135714285714286,False,5.87329869571194
chr11,4,7,2.0965714285714285,10.517065252544432,0.4092857142857143,False,11.822613574227171
chr13,0,9,2.0017777777777774,10.311623453974397,0.3659444444444444,False,5.192860623388512
chr13,1,5,1.8336000000000001,10.018401662440253,0.37679999999999997,False,5.584556270886405
chr13,2,488,1.8129344262295082,9.886082979359347,0.38689446721311477,True,7.852288441614119
chr14,0,20,1.8474000000000004,10.060942786501524,0.37762500000000004,False,6.6020556192432265
chr14,1,18,1.9586666666666668,10.236677066443514,0.36597222222222214,False,6.5239670689317215
chr14,2,654,1.8104036697247707,9.907230669195075,0.3906322629969419,True,8.926658604475769
chr15,0,20,2.0152,10.36548343352192,0.37860000000000005,False,5.517863915466633
chr15,1,49,1.9937959183673466,10.343054903961951,0.37616326530612243,False,3.4149465849258096
chr15,2,140,2.0062857142857142,10.331957756938083,0.378525,False,3.6023220178856223
chr15,3,254,1.8307559055118108,9.98105806467349,0.3788779527559055,True,16.90091184240868
chr17,0,115,2.1237565217391308,10.55959344348312,0.41021739130434776,False,4.50339712217315
chr17,1,899,2.017797552836485,10.348028548616824,0.4075072302558398,True,7.563987982483554
chr17,2,21,2.075428571428571,10.385372166156033,0.40221428571428575,False,4.217073771922781
chr18,0,75,2.0306666666666664,10.323377125741116,0.3984599999999999,False,5.4585800025042355
chr18,1,6,2.1086666666666667,10.494093460842334,0.3884166666666667,False,6.194620745160311
chr18,2,1192,1.8465503355704704,9.883791507992546,0.3968494127516779,True,6.41114762011537
chr18,3,48,1.8719166666666667,9.955405899572682,0.3945625,True,17.581687674652276
chr18,4,21,1.9230476190476191,10.17713678915298,0.3911666666666667,False,4.6559958967071156
chr18,5,24,1.9881666666666666,10.278855274980053,0.3840208333333333,False,4.78487039348556
chr19,0,21,1.9887619047619043,10.269297655799441,0.38669047619047625,False,3.935826442323452
chr19,1,140,2.0727428571428574,10.42246533415619,0.3961142857142857,False,4.106106798978912
chr19,3,6,2.010666666666667,10.346554295788966,0.38375000000000004,False,2.9800839382403677
chr19,4,53,1.9589433962264151,10.220664547856193,0.3857169811320755,False,3.054506607974032
chr19,5,20,1.9896,10.285704278357805,0.382475,False,2.6358503440479013
chr19,6,11,2.0956363636363635,10.47073521702391,0.39872727272727276,False,7.623822505588678
chr19,7,979,1.3516118488253321,9.0072903998929,0.3930827374872318,True,8.965724855319156
chr19,8,5,1.8592,10.012000155315752,0.3867,True,4.822479147895899
chr20,0,136,1.8563529411764705,9.964366223300294,0.4051176470588236,False,5.737352995095261
chr20,1,543,1.8459300184162066,9.972907105238404,0.39269060773480663,True,10.440528617336016
chr20,2,106,1.888679245283019,10.122907465391435,0.38167924528301894,False,3.526164160263536
chr20,3,38,1.515157894736842,9.394270606727162,0.37661842105263155,False,4.519574992856039
chr20,8,14,1.8554285714285716,10.03435016060014,0.3708214285714286,False,2.9693519630111274
chr20,9,16,1.89425,10.089016997895765,0.36906249999999996,False,1.8517387625377661
chr21,0,18,2.0646666666666667,10.398842241516892,0.3678888888888889,False,5.29290669230929
chr21,2,83,1.84255421686747,9.983157600842631,0.3881204819277108,True,43.34544756701173
chr22,0,22,2.088545454545455,10.460566363983283,0.3711818181818182,False,4.612760215487837
chr22,1,31,2.1233548387096772,10.58060826220083,0.3832903225806451,False,3.51936367131403
chr22,2,6,2.1013333333333333,10.477781806194052,0.37225,False,5.448361746764328
chr22,3,8,2.117,10.57455263743606,0.38187499999999996,False,3.705621229432951
chr22,4,14,2.076,10.437612128281776,0.371,False,3.882835463497982
chr22,5,47,2.1328510638297877,10.596649725638901,0.3822978723404256,False,5.210582156534256
chr22,6,12,2.0706666666666673,10.439331818271825,0.3718333333333333,False,4.185010117004187
chr22,8,731,1.8166019151846784,9.933867040506605,0.3893529411764706,True,9.29255948586082
