chrom,array,name,start,end,span_bp,n_win,bz2,H11,gc,censat_active,cenpa,igg,ratio,cenpa_active
chr1,0,"hor_1_2(S3C1H2-A,B)",121625213,121667941,42728,10,2.1719999999999997,10.592819699242474,0.42225,False,0.4644450952554624,0.6071288195616854,0.6210388942606948,False
chr1,1,hor_1_3(S3C1H2-B),121667941,121788213,120272,31,2.1952258064516132,10.61505004486121,0.4294677419354838,False,0.4786704138454266,0.4654337592413548,0.7896808387200062,False
chr1,2,hor_1_5(S1C1/5/19H1L),121796048,126300487,4504439,1127,1.635041703637977,9.512061825219751,0.3906517302573203,True,2.7077066439895265,0.4296900990413366,4.74692189444457,True
chr1,3,hor_1_6(S3C1H2-A),126300487,126590802,290315,72,2.0899444444444444,10.470050581115466,0.4118333333333333,False,0.5288184295471574,0.44717814174938325,0.8995022312446719,False
chr1,4,"hor_1_7(S3C1H2-C,D)",126590802,126611405,20603,5,2.1024000000000003,10.344894919422847,0.4191,False,0.6782769697595324,0.8121792613658628,0.7118011625948176,False
chr1,5,hor_1_8(S3C1H2-D),126611405,126633161,21756,6,2.112666666666667,10.436621441709134,0.4222499999999999,False,0.5168412907415836,0.7080259348297847,0.6089448150290467,False
chr1,6,hor_1_9(S3C1H2-C),126633161,126701150,67989,17,2.096,10.34990139424364,0.4115588235294117,False,0.4642055663408599,0.41121528558607545,0.8410460740309486,False
chr2,1,hor_2_4(S2C2H1L),92333543,94673023,2339480,585,1.5386188034188035,9.41107915951039,0.383576923076923,True,4.265783849570957,0.42387595632939656,7.555422232209924,True
chr2,2,hor_2_5(S2C2H2-A),94673023,94695067,22044,6,1.9706666666666663,10.240371083196154,0.38075,False,1.189351457400128,0.4588963598286018,1.983510618783517,False
chr3,0,hor_3_1(S01C3H2),90804701,91480350,675649,169,2.031360946745562,10.345862854243832,0.3765887573964497,False,0.4139463644068224,0.3378437177876347,0.8649709848067668,False
chr3,1,hor_3_2(S01/1C3H1L),91738002,92595822,857820,214,1.9645794392523368,10.200248387411229,0.3826331775700935,True,5.908255276500337,0.4731548467978463,9.624479643386106,True
chr3,2,hor_3_3(S01/1C3H1L),92869462,92903106,33644,9,1.9573333333333336,10.196912812380228,0.3765555555555556,True,5.297685342355006,0.7569969707446452,5.901266817467649,False
chr3,3,hor_3_4(S01/1C3H1L),95863469,96415026,551557,138,1.9727246376811591,10.221017131377916,0.3842355072463768,True,3.0794785353854173,0.4796714890555632,4.963742206943782,False
chr4,0,hor_4_1(S2C4H1L),49705154,50433557,728403,182,1.9005934065934065,10.094117285805025,0.3754395604395604,True,2.5110690135252436,0.380920791943244,4.813761486296114,False
chr4,1,hor_4_2(S2C4H1L),52115486,54870510,2755024,689,1.88644412191582,10.06757981121132,0.3756857764876632,True,2.7416431748546595,0.33558344394680034,5.756048335396684,True
chr4,2,hor_4_3(S2C4H1L),54980290,55199795,219505,55,1.954981818181818,10.19827174545952,0.3731545454545453,True,0.7994527196298855,0.5103128225120988,1.2279703148389367,False
chr4,3,hor_4_4(S5C4H2),55199795,55303192,103397,26,1.9998461538461536,10.259483564579982,0.4032884615384616,False,0.4703618588730452,0.36427180686852195,0.9314191160698079,False
chr5,0,hor_5_1(S5C5/19H5),46684449,46751595,67146,17,2.070823529411765,10.408958961775236,0.3919117647058824,False,0.4105469102578437,0.37081664140450904,0.802570984985927,False
chr5,1,hor_5_3(S1C5H2),46830042,47039134,209092,52,2.006076923076923,10.302096200219712,0.3859903846153847,False,0.5262820031096165,0.33678204610023377,1.102149511142175,False
chr5,3,hor_5_5(S1C5H2),47049663,47077202,27539,6,2.0033333333333334,10.301936965648292,0.3873333333333333,False,0.5166323856441858,0.34045052157732614,1.0736923662358397,False
chr5,4,hor_5_6(S1C1/5/19H1L),47077202,49596625,2519423,630,1.590615873015873,9.49050832809851,0.3911460317460318,True,3.7614106026395686,0.5362180353181618,5.556481516718911,True
chr5,5,hor_5_7(S5C5H6),50121284,50449725,328441,83,1.900048192771084,10.117099478421416,0.381722891566265,False,0.3603700997534106,0.3266508281130073,0.7710531551183181,False
chr5,6,hor_5_8(S5C5/19H7-B),50532291,50597029,64738,16,1.98325,10.253722094091705,0.38771875,False,0.3857823583274647,0.4133673080341959,0.6962444950924284,False
chr5,7,hor_5_9(S5C5/19H4-B),50664972,50962194,297222,75,2.0573866666666665,10.3780400252907,0.3951666666666667,False,0.3517423281148209,0.4020270784415613,0.6480741554837447,False
chr7,0,hor_7_1(S5C7H2),59612912,59816928,204016,51,1.970901960784314,10.2348079517645,0.3780882352941176,False,0.3992058535494605,0.37626302385417204,0.7721791307918472,False
chr7,1,hor_7_2(S1C7H1L),60414372,63714499,3300127,825,1.5220751515151516,9.490493739902702,0.3900351515151515,True,2.6773828725669047,0.3917246221915364,5.028443236365127,True
chr10,0,hor_10_1(S1C10H1L),39633793,41664589,2030796,508,1.727716535433071,9.802013972395196,0.3814035433070866,True,4.1724056972685135,0.4287057936124371,7.32735227262489,True
chr10,1,hor_10_2(S1C10H1-B),41664589,41779242,114653,29,1.92,10.151690712927746,0.3785344827586206,False,0.6384581646338918,0.3765566347944436,1.234261056718462,False
chr10,2,hor_10_3(S1C10H1-C),41779242,41881070,101828,25,1.9336,10.140930616989488,0.3818,False,0.5637220271808053,0.39981272736522117,1.042894949115513,False
chr10,3,hor_10_4(S1C10H2),41881070,41926237,45167,11,1.8770909090909087,10.069521564493671,0.3804545454545455,False,0.7291127104180001,0.3994607755789307,1.3497492560298647,False
chr11,1,"hor_11_2(S3C11H1L,S3C11H3d)",51035789,51061948,26159,7,1.972,10.235361077208792,0.3952142857142857,True,0.5578965978423017,0.3971096485553566,1.037305102803261,False
chr11,2,hor_11_3(S3C11H1L),51061948,54413484,3351536,838,1.747747016706444,9.740984395688258,0.4004516706443914,True,2.6666745698748366,0.41819077525058723,4.77117307102912,True
chr11,3,hor_11_4(S3C11H2),54413484,54443345,29861,7,2.14,10.599051946860133,0.4135714285714286,False,0.5803386642997485,0.4153085105533574,1.0437153397832797,False
chr11,4,hor_11_5(S3C11H2),54450838,54476419,25581,7,2.0965714285714285,10.517065252544432,0.4092857142857143,False,0.5220673740630106,0.6500715440697873,0.6601807612848625,False
chr12,0,hor_12_1(S1C12H2),34593492,34620838,27346,7,1.916,10.136677228253806,0.3729285714285714,False,0.8673750251315816,0.4558769146111665,1.4538636998705952,False
chr12,1,hor_12_2(S1C12H1L),34620838,37202490,2581652,645,1.6997519379844963,9.746210938096578,0.3852519379844961,True,3.301587741979438,0.41964032091214837,5.8918693489962015,True
chr13,0,hor_13_1(S4/6C13/14/21H1),11155531,11191439,35908,9,2.0017777777777774,10.311623453974397,0.3659444444444444,False,0.3673893977807298,0.3965078342975338,0.6838575586382241,False
chr13,1,hor_13_2(S5C13/14/21H2),11812455,11831237,18782,5,1.8336,10.018401662440253,0.3767999999999999,False,0.4015854358222459,0.41416558394266667,0.7237225897641171,False
chr13,2,hor_13_3(S2C13/21H1L),15547593,17498291,1950698,488,1.812934426229508,9.886082979359347,0.3868944672131147,True,3.84165594000398,0.37383636355095073,7.4659133105941216,True
chr14,0,hor_14_1(S5C13/14/21H2),7445759,7524140,78381,20,1.8474000000000004,10.060942786501524,0.377625,False,0.3664074274166034,0.41968970035138053,0.6538170843315185,False
chr14,1,hor_14_2(S4/6C13/14/21H1),8146948,8220303,73355,18,1.9586666666666668,10.236677066443514,0.3659722222222221,False,0.368688257652666,0.3946188933817806,0.6886967580499737,False
chr14,2,hor_14_3(S2C14/22H1L),10092112,12708411,2616299,654,1.8104036697247707,9.907230669195076,0.3906322629969419,True,2.565713505780831,0.410946980197828,4.6508118747862985,True
chr15,0,hor_15_1(S4C15H3-B),15415981,15493810,77829,20,2.0152,10.36548343352192,0.3786,False,0.3533655227485144,0.45352643460390074,0.5946417029696219,False
chr15,1,hor_15_2(S4C15H3-A),15493810,15692696,198886,49,1.9937959183673464,10.343054903961953,0.3761632653061224,False,0.3468409896520348,0.37103990387431046,0.6777375935046609,False
chr15,2,hor_15_3(S4C15H2),15996634,16555605,558971,140,2.0062857142857142,10.331957756938085,0.378525,False,0.4547620085025431,0.37109849627170965,0.8885167417177371,False
chr15,3,hor_15_4(S2C15H1L),16678794,17694466,1015672,254,1.8307559055118108,9.98105806467349,0.3788779527559055,True,5.250285755591649,0.4596516644696174,8.745014854423752,True
chr16,0,hor_16_4(S1C16H1L),35854528,37793352,1938824,485,1.745435051546392,9.7978723731893,0.3949164948453609,True,3.861680735722496,0.43756677728927035,6.677760155105342,True
chr16,1,"hor_16_5(S1C16H1L,S1C1/5/19H1L)",37793352,37829521,36169,9,1.905333333333333,10.073087646749771,0.3891666666666666,True,1.064999140997716,0.391595607843573,2.0006797331047608,False
chr17,0,hor_17_1(S3C17H1-B),23433372,23892419,459047,115,2.1237565217391308,10.55959344348312,0.4102173913043477,False,0.6548391594597501,0.44224608597417103,1.1232827336371873,False
chr17,1,hor_17_2(S3C17H1L),23892419,27486939,3594520,899,2.017797552836485,10.348028548616824,0.4075072302558398,True,2.302988630846603,0.4557111109826401,3.86126214670165,True
chr17,2,hor_17_3(S3C17H1-C),27486939,27571319,84380,21,2.075428571428571,10.385372166156031,0.4022142857142857,False,0.5358739955762123,0.44459010643391295,0.9155338367899494,False
chr18,0,hor_18_1(S2C18H2-A),15641581,15942313,300732,75,2.0306666666666664,10.323377125741116,0.3984599999999999,False,0.534290811881648,0.48946244955705853,0.8478310215003731,False
chr18,1,"hor_18_2(S2C18H2-B,A)",15942313,15962808,20495,6,2.1086666666666667,10.494093460842334,0.3884166666666667,False,0.5350058605566813,0.4962615583241931,0.8399039120739069,False
chr18,2,hor_18_5(S2C18H1L),15971633,20740248,4768615,1192,1.8465503355704704,9.883791507992546,0.3968494127516779,True,1.742899783429341,0.42589528499737134,3.075967878344634,True
chr18,3,"hor_18_6(S2C18H1L,S2C20H2)",20740248,20933550,193302,48,1.871916666666667,9.955405899572682,0.3945625,True,0.7680068916447813,0.45927302601277464,1.2800198672977747,False
chr18,4,hor_18_7(S2C18H2-D),20933550,21015538,81988,21,1.9230476190476191,10.17713678915298,0.3911666666666667,False,0.6765148709557399,0.44188255695337225,1.161188406498766,False
chr18,5,"hor_18_9(S2C18H2-B,E)",21024664,21121235,96571,24,1.9881666666666664,10.278855274980051,0.3840208333333333,False,0.5458291787424082,0.46682040150003307,0.898419992138061,False
chr19,0,hor_19_1(S5C5/19H4-A),24570766,24655575,84809,21,1.9887619047619045,10.26929765579944,0.3866904761904762,False,0.3439703829483999,0.38060985216393234,0.659790288678842,False
chr19,1,hor_19_2(S5C5/19H4-B),24655575,25214335,558760,140,2.0727428571428574,10.42246533415619,0.3961142857142857,False,0.3702065202078484,0.3650560790728719,0.7319529461212622,False
chr19,3,"hor_19_4(S5C5/19H7-A,B)",25305836,25329854,24018,6,2.010666666666667,10.346554295788966,0.38375,False,0.3689114491834719,0.3701079510172814,0.7221790607990685,False
chr19,4,hor_19_5(S5C5/19H7-A),25329854,25540889,211035,53,1.9589433962264151,10.220664547856192,0.3857169811320755,False,0.3992777960481241,0.377678428336483,0.7702096084119323,False
chr19,5,"hor_19_6(S5C5/19H7-A,B)",25540889,25621289,80400,20,1.9896,10.285704278357803,0.382475,False,0.4186649976433838,0.3442403835869749,0.8632918951460086,False
chr19,6,hor_19_8(S5C5/19H5),25698948,25740136,41188,11,2.0956363636363635,10.47073521702391,0.3987272727272727,False,0.5175537876485524,0.5014735773713729,0.8059117244427133,False
chr19,7,hor_19_13(S1C1/5/19H1L),25832447,29749519,3917072,979,1.351611848825332,9.0072903998929,0.3930827374872318,True,2.4968017755527963,0.4175163858755553,4.472635997912178,True
chr19,8,"hor_19_14(S1C1/5/19H1L,S1C16H1L,S1CMH3d)",29749519,29769351,19832,5,1.8592,10.012000155315752,0.3867,True,0.5933516629734507,0.4504561457225468,1.0036748111805265,False
chr20,0,hor_20_1(S2C20H2),26383658,26925852,542194,136,1.8563529411764703,9.964366223300294,0.4051176470588236,False,0.7871187538607692,0.46332719874711015,1.3030683482919263,False
chr20,1,hor_20_2(S2C20H1L),26925852,29099655,2173803,543,1.8459300184162064,9.972907105238404,0.3926906077348066,True,3.320250271728951,0.4911978480566327,5.254218219990344,True
chr20,2,hor_20_3(S02C20H3),29099655,29521051,421396,106,1.888679245283019,10.122907465391435,0.3816792452830189,False,0.4455464135663464,0.3711096666637411,0.8704922587177466,False
chr20,3,hor_20_4(S5C20H6),30663157,30814141,150984,38,1.515157894736842,9.394270606727162,0.3766184210526315,False,0.4919138954386417,0.32594996208698995,1.0540868822485112,False
chr20,8,hor_20_10(S4C20H7),31785329,31844271,58942,14,1.8554285714285716,10.03435016060014,0.3708214285714286,False,0.3860267792099213,0.33415971170883985,0.8128885992847447,False
chr20,9,hor_20_11(S4C20H8),31844271,31905998,61727,16,1.89425,10.089016997895763,0.3690624999999999,False,0.3739272914039242,0.2814460906997128,0.8857286321376637,False
chr21,0,hor_21_1(S4/6C13/14/21H1),8180694,8253498,72804,18,2.0646666666666667,10.398842241516892,0.3678888888888889,False,0.3647886323941963,0.43981084897729356,0.6283675009484043,False
chr21,2,hor_21_3(S2C13/21H1L),10962853,11294002,331149,83,1.84255421686747,9.983157600842633,0.3881204819277108,True,12.796744990206085,0.7497754210210107,14.37031670852604,True
chr22,0,hor_22_1(S6C22H2-A),8489239,8577557,88318,22,2.088545454545455,10.460566363983284,0.3711818181818182,False,0.3467972027583822,0.3982660995059014,0.6434214975724433,False
chr22,1,hor_22_2(S6C22H2-B),8577557,8701782,124225,31,2.1233548387096772,10.58060826220083,0.3832903225806451,False,0.3358107727639924,0.3714442757899597,0.6556661444479776,False
chr22,2,hor_22_3(S6C22H2-A),8701782,8724213,22431,6,2.1013333333333333,10.477781806194052,0.37225,False,0.3190552409246546,0.41630502626626037,0.5727812603752145,False
chr22,3,hor_22_4(S6C22H2-B),8724213,8756596,32383,8,2.117,10.57455263743606,0.3818749999999999,False,0.3380727554322525,0.39593777416575754,0.6299560972932484,False
chr22,4,hor_22_5(S6C22H2-A),8756596,8811730,55134,14,2.076,10.437612128281776,0.371,False,0.334785962840798,0.3450015077266773,0.689250647759713,False
chr22,5,hor_22_6(S6C22H2-B),9946504,10138089,191585,47,2.1328510638297877,10.5966497256389,0.3822978723404256,False,0.3496723286679403,0.4573203223402767,0.5846939328472205,False
chr22,6,hor_22_7(S6C22H2-A),10138089,10184152,46063,12,2.0706666666666673,10.439331818271825,0.3718333333333333,False,0.3604477088538039,0.38711549727679845,0.6828749319065014,False
chr22,8,hor_22_9(S2C14/22H1L),12788180,15711065,2922885,731,1.8166019151846784,9.933867040506604,0.3893529411764706,True,2.4569312246266946,0.40450352380297944,4.506257331597457,True
