repeat_class,n_windows,pct_of_nonsat,mean_gc,mean_H3,mean_bz2
LINE,132056,45.718479743531155,0.40690894014660445,5.7738627373391065,2.2107550554310293
SINE,77680,26.893223378547738,0.41360811534500513,5.784633149032973,2.2092017507723996
LTR,40953,14.178143370515777,0.40890916172197395,5.778511525425028,2.2113103899592215
unique/low-repeat,27460,9.506796008945944,0.41399185724690457,5.778470588910268,2.2098682592862344
DNA,7280,2.520374178628058,0.4087185164835165,5.77787319593035,2.211094945054945
Simple_repeat,1406,0.48676457350975955,0.41932709815078234,5.733639154409284,2.1636790896159317
other-repeat,778,0.26934768007865784,0.4323086118251928,5.736434036975717,2.110951156812339
Satellite,679,0.2350733608912708,0.40228777614138433,5.767275712499484,2.1999316642120768
Retroposon,499,0.1727564169142034,0.417072745490982,5.785435873237557,2.2072224448897795
Low_complexity,55,0.01904128843743725,0.3934,5.725493693976872,2.1818763636363636
