chrom,gc,H1,H3,gzip_bpb,bz2_bpb,n_windows
chr1,0.41500011273049364,1.9625500010899357,5.714499500215773,2.2645064175859573,2.084093920605524,24838
chr2,0.40238104165808236,1.9603304235419814,5.768679464421377,2.397828736247888,2.1948929745766206,24269
chr3,0.3943837891596221,1.9547082413962311,5.7524421801042305,2.3756458279462955,2.1761586076578814,20110
chr4,0.38130474763651395,1.9477539975019198,5.738108572849793,2.3680795164539963,2.1718033579583613,19357
chr5,0.3952403043287189,1.9569859849893638,5.7617911505373485,2.379184882443419,2.1804592397275324,18204
chr6,0.3961100627469208,1.9584570032402697,5.770212819320072,2.390990053451081,2.1924733906576805,17212
chr7,0.4071793535127055,1.9607171192750061,5.76670890174175,2.3541778774289983,2.1620045341305434,16056
chr8,0.4023286564102564,1.9605497020050755,5.774574168873674,2.3925824547008547,2.192761818803419,14625
chr9,0.4134555939180665,1.935756120489227,5.500354056694347,2.081429387158887,1.9073486222694376,15061
chr10,0.41538473469387754,1.965850535922925,5.774980100659458,2.3701619888682743,2.1729312653061226,13475
chr11,0.41552381586737713,1.9643325928770272,5.775176416424091,2.3639843694493785,2.1692791000592067,13512
chr12,0.4077435118511851,1.9628837064362343,5.777360453248198,2.3708480648064807,2.175715091509151,13332
chr13,0.3831970588235294,1.9357825405707887,5.676569242059303,2.2513816836914406,2.069722507925326,11356
chr14,0.41066870304468167,1.9575897316136315,5.7423810352482025,2.3115447212336893,2.1250931593515223,10116
chr15,0.4211554586466166,1.9531383638399653,5.675684881109129,2.190305523809524,2.027212511278196,9975
chr16,0.43533110142219456,1.9670786493948487,5.656523352369865,2.1876175646216134,2.019942863074847,9633
chr17,0.4528333333333333,1.9773432234479764,5.795340066338381,2.2899655868043194,2.1209875875163164,8427
chr18,0.3980041221753166,1.9601399620160729,5.768578078651057,2.293472460888999,2.112504494661038,8054
chr19,0.476618833063209,1.9818103102741957,5.802000918221144,2.1702116045380873,2.030891280388979,6170
chr20,0.4371821779187434,1.9728915403965124,5.774818679421969,2.2892009062075216,2.108942576650053,6621
chr21,0.4164502994011976,1.9466231645636514,5.691578671300089,2.26248250166334,2.084280683078288,4509
chr22,0.4584807677318784,1.9623265899482873,5.700159936120753,2.0750852689010135,1.9398321122369446,5132
chrX,0.39509529335494326,1.956648608355556,5.762627211088471,2.374072531604538,2.1810090113452185,15425
chrY,0.36145377841818765,1.8750097545661486,5.269220571218959,1.5050933077169388,1.513519948767211,6246
