chrom,losalt,hisalt,merged,chipseq,min
chr1,3.9920368296589546,2.7425933568581713,3.4387928679399415,16.547326065856396,2.7425933568581713
chr10,5.722579839372811,4.092233038693657,5.078519903145712,25.009872263204677,4.092233038693657
chr11,4.595031718406208,2.445293696159451,3.641882832939528,23.939793103826485,2.445293696159451
chr12,3.8064131965046886,3.66115783035857,3.5846020228609543,14.368522776431789,3.5846020228609543
chr13,9.566223267380682,4.957622264194239,7.421993022727381,70.09637970413296,4.957622264194239
chr14,6.959032332941667,3.800025806186133,5.594272684252423,59.834095634250794,3.800025806186133
chr15,11.545128347198528,8.608090094511542,10.20921808547592,61.64268024391687,8.608090094511542
chr16,3.625994225783866,2.786090433868388,3.2057255431349083,6.035764936112269,2.786090433868388
chr17,3.516876774361807,2.409375120609873,3.0463044455991937,13.860280478950214,2.409375120609873
chr18,2.2693803953981537,1.8453679102103282,2.0904829769976496,3.501808324633648,1.8453679102103282
chr19,4.207962885012618,2.3955150950399764,3.5875574318572387,13.470032702034043,2.3955150950399764
chr2,3.586647010880854,2.318091276053343,2.4843775966593613,9.111862764953774,2.318091276053343
chr20,4.218232960964691,2.7318238752489363,4.1269239859481885,31.703341947086713,2.7318238752489363
chr21,35.07988970549313,15.086192317677718,25.03511064150218,277.3594898563642,15.086192317677718
chr22,6.816331923539054,3.6232640761740487,5.03404771504962,54.08489447260586,3.6232640761740487
chr3,1.1152522082170155,1.2005249038903352,1.1173629055456942,0.7835870748949177,0.7835870748949177
chr4,1.0918231080418284,1.0536409051377407,0.9610781836654712,1.0242497821245424,0.9610781836654712
chr5,7.147138949108477,4.403872235002507,6.071944119868746,28.173186507719947,4.403872235002507
chr7,6.706772580515743,3.8316770890132097,5.285977612307653,20.068603561923222,3.8316770890132097
