label,frag,n_acgt,gc,H1,H3,H11,lz_norm,gzip_bpb,bz2_bpb,R_uniform,R_shuffle
satellite,0,2000,0.475,1.8031151561317516,4.838868323259717,8.649567640650929,0.5647378906600974,1.72,1.676,0.0,0.0
satellite,1,2000,0.389,1.9608697527020398,5.77703911444087,10.930804333044541,0.9403160024097739,2.7,2.488,0.0,0.0
satellite,2,2000,0.424,1.9832407376915098,5.843114201803185,10.89597516517313,0.9156429877692842,2.632,2.46,0.0,0.0
satellite,3,2000,0.4195,1.9799341678169002,5.83411198780054,10.895595824719793,0.9156429877692842,2.636,2.456,0.0,0.0
satellite,4,2000,0.3985,1.9609265437286203,5.774138484900012,10.909831884595128,0.9403160024097739,2.704,2.448,0.0,0.0
satellite,5,2000,0.422,1.9699700269871494,5.778116625555005,10.93856556090286,0.9320916641962773,2.652,2.468,0.0,0.0
satellite,6,2000,0.562,1.9638562019687553,5.721264536711725,10.915203638794491,0.8991943113422911,2.596,2.384,0.0,0.0
satellite,7,2000,0.492,1.8831955622960845,5.47634066561529,10.794572929021472,0.8553311742036427,2.472,2.344,0.0,0.0
satellite,8,2000,0.414,1.971013804011257,5.757981598018856,10.923376836033926,0.9293502181251118,2.616,2.468,0.0,0.0
satellite,9,2000,0.3655,1.913486719447921,5.6320083098265625,10.945487388797748,0.9129015416981187,2.636,2.448,0.0,0.0
satellite,10,2000,0.387,1.9625181705813703,5.751578765797493,10.893273153700793,0.9293502181251118,2.636,2.448,0.0,0.0
satellite,11,2000,0.5115,1.9946057901659666,5.821100246252016,10.744076790351219,0.830658159563153,2.416,2.368,0.0,0.0
satellite,12,2000,0.556,1.9871632484157535,5.772190088724891,10.86417405335647,0.9156429877692842,2.636,2.424,0.0,0.0
satellite,13,2000,0.503,1.9938736276534745,5.822125563004317,10.909932168947412,0.9293502181251118,2.664,2.464,0.0,0.0
satellite,14,2000,0.4795,1.9960769686118678,5.816821246114975,10.862156642407882,0.8991943113422911,2.608,2.436,0.0,0.0
satellite,15,2000,0.497,1.9601942064499165,5.536694133107799,10.43996262956161,0.7703463459975115,2.252,2.172,0.0,0.0
satellite,16,2000,0.3825,1.9402129235149177,5.602624040189671,10.823959020061988,0.8854870809864634,2.54,2.356,0.0,0.0
satellite,17,2000,0.4345,1.9862893260934886,5.748537293979728,10.942092972967506,0.9293502181251118,2.62,2.42,0.0,0.0
satellite,18,2000,0.4475,1.9790620240517056,5.602873201448903,9.9377941961774,0.693585856004877,2.004,2.012,0.0,0.0
satellite,19,2000,0.424,1.9410982947382938,5.662530451929873,10.77760578410045,0.8800041888441325,2.488,2.352,0.0,0.0
satellite,20,2000,0.435,1.9847071922666262,5.797121329050216,10.786560422714095,0.8690384045594703,2.484,2.412,0.0,0.0
satellite,21,2000,0.5095,1.9740254325370918,5.541587482271162,9.461395510051206,0.5866694592294216,1.836,1.8,0.0,0.0
satellite,22,2000,0.4505,1.9736038658850406,5.795559197237396,10.74556144028247,0.8498482820613117,2.5,2.352,0.0,0.0
satellite,23,2000,0.5185,1.9942603493531301,5.831170494698477,10.671017288251782,0.7813121302821736,2.304,2.276,0.0,0.0
satellite,24,2000,0.542,1.9450985100149658,5.440113853792294,10.3771220215407,0.8059851449226634,2.368,2.256,0.0,0.0
satellite,25,2000,0.465,1.992776153747925,5.838076123137332,10.921100793313835,0.9320916641962773,2.66,2.46,0.0,0.0
satellite,26,2000,0.4325,1.9809469303122575,5.726234690010445,10.478341177412132,0.7538976695705184,2.208,2.244,0.0,0.0
satellite,27,2000,0.488,1.9881150972588142,5.803679300414162,10.738239204100404,0.8114680370649944,2.46,2.412,0.0,0.0
satellite,28,2000,0.3395,1.8365042547291834,5.034472194232882,10.075934207674601,0.6195668120834079,1.876,1.848,0.0,0.0
satellite,29,2000,0.454,1.9839039746953158,5.763434639652403,10.721819823254542,0.8416239438478151,2.448,2.332,0.0,0.0
satellite,30,2000,0.458,1.9926254130335255,5.829010937874786,10.721981976016657,0.8443653899189807,2.452,2.308,0.0,0.0
satellite,31,2000,0.4255,1.9813450217547082,5.772984000332422,10.954532614928395,0.951281786694436,2.668,2.484,0.0,0.11666666666666667
satellite,32,2000,0.3615,1.9279225053603979,5.692641233273677,10.947672572488996,0.9348331102674429,2.688,2.436,0.0,0.0
satellite,33,2000,0.367,1.9453170257731665,5.724832355629707,10.949507489300254,0.9320916641962773,2.696,2.456,0.0,0.0
satellite,34,2000,0.376,1.9374405284120415,5.70814599543285,10.943273131533136,0.9293502181251118,2.652,2.436,0.0,0.0
satellite,35,2000,0.349,1.932917230050426,5.652971632442768,10.920619615782035,0.9320916641962773,2.664,2.452,0.0,0.0
satellite,36,2000,0.4455,1.9505983817840582,5.707545076560976,10.953527589802768,0.9348331102674429,2.648,2.42,0.0,0.15
satellite,37,2000,0.3785,1.8919045975398456,5.570478604447957,10.955537640054022,0.9211258799116152,2.64,2.428,0.0,0.4666666666666667
satellite,38,2000,0.3855,1.9260581519583808,5.640448045448667,10.958552715430907,0.9320916641962773,2.656,2.424,0.0,1.0
satellite,39,2000,0.44,1.975514975102667,5.779410886338727,10.945108048344396,0.9403160024097739,2.664,2.492,0.0,0.0
satellite,40,2000,0.5215,1.9973925154018346,5.731735692331094,10.952522564677139,0.956764678836767,2.652,2.464,0.0,0.0
satellite,41,2000,0.4765,1.993375520345505,5.834976493747043,10.958552715430907,0.9622475709790981,2.652,2.5,0.0,1.0
satellite,42,2000,0.5805,1.972371791098347,5.798482271640802,10.955537640054024,0.9430574484809394,2.644,2.512,0.0,0.15
satellite,43,2000,0.337,1.8904902824170569,5.57746305604935,10.936934851104953,0.9129015416981187,2.632,2.464,0.0,0.0
satellite,44,2000,0.3855,1.9364041054690193,5.7103437536917845,10.92726394030202,0.9046772034846221,2.64,2.444,0.0,0.0
satellite,45,2000,0.4525,1.9827933052681859,5.845616747201035,10.935683481760393,0.9540232327656015,2.712,2.464,0.0,0.0
satellite,46,2000,0.416,1.9756908611357793,5.818998022367531,10.892909906142918,0.9074186495557877,2.64,2.468,0.0,0.0
satellite,47,2000,0.395,1.9678044320415613,5.8039226640002495,10.95654266517965,0.9320916641962773,2.692,2.496,0.0,0.21666666666666667
satellite,48,2000,0.4605,1.990542998327019,5.837552466288659,10.955537640054024,0.9622475709790981,2.74,2.44,0.0,0.08333333333333333
satellite,49,2000,0.417,1.9585522180164112,5.710141625302669,10.943723682765418,0.9266087720539463,2.664,2.444,0.0,0.0
satellite,50,2000,0.3935,1.9565813843908402,5.732846017168777,10.952522564677139,0.9348331102674429,2.672,2.468,0.0,0.016666666666666666
satellite,51,2000,0.221,1.7604143213280243,4.9285449318079255,10.222363317608105,0.7072930863607045,2.156,2.1,0.0,0.0
satellite,52,2000,0.2275,1.7731351078295934,4.9618972232857494,10.366977440299744,0.7292246549300287,2.208,2.14,0.0,0.0
satellite,53,2000,0.2395,1.793373263904458,5.0407142015511255,10.427371623979772,0.7538976695705184,2.236,2.156,0.0,0.0
satellite,54,2000,0.105,1.483775452168215,3.953110651486493,10.0254788347658,0.5592549985177664,1.78,1.74,0.0,0.0
satellite,55,2000,0.2305,1.7783441484046982,5.033732228808989,10.56548101775861,0.7813121302821736,2.244,2.212,0.0,0.0
satellite,56,2000,0.2355,1.7869872648723326,5.030153055418126,10.51433067614029,0.7703463459975115,2.284,2.184,0.0,0.0
satellite,57,2000,0.2345,1.7854288991285305,5.087723389427382,10.631029996859167,0.7758292381398426,2.308,2.216,0.0,0.0
satellite,58,2000,0.2435,1.8001041154739006,5.117425396773676,10.660507420622205,0.7840535763533392,2.304,2.228,0.0,0.0
satellite,59,2000,0.219,1.7206781915103138,4.7346892876284565,9.262431979313252,0.45233860174231105,1.504,1.5,0.0,0.0
satellite,60,2000,0.2195,1.7151663525350456,4.702879993488681,9.076724889956662,0.42492414103065584,1.428,1.412,0.0,0.0
satellite,61,2000,0.2145,1.7125440499332603,4.60905668733265,8.590352149535857,0.3426807588956902,1.22,1.18,0.0,0.0
satellite,62,2000,0.219,1.7198620925255568,4.684183906764362,8.733280749409172,0.33993931282452466,1.204,1.212,0.0,0.0
satellite,63,2000,0.221,1.7234037996724918,4.644408444304817,8.82811139721959,0.40025112639016613,1.344,1.304,0.0,0.0
satellite,64,2000,0.22,1.7226809097027644,4.639266697199109,8.728593083553825,0.33719786675335917,1.208,1.22,0.0,0.0
satellite,65,2000,0.215,1.7161757013086598,4.657100090518137,8.862792089298571,0.38380244996317303,1.328,1.312,0.0,0.0
satellite,66,2000,0.2135,1.7217875163688632,4.686640146942867,8.78572908025635,0.33719786675335917,1.184,1.26,0.0,0.0
satellite,67,2000,0.224,1.7357352279838216,4.730521105623656,9.320585794129464,0.4715287242404697,1.516,1.496,0.0,0.0
satellite,68,2000,0.227,1.7385620223476872,4.754964116547039,9.252545030423562,0.4605629399558076,1.54,1.476,0.0,0.0
satellite,69,2000,0.229,1.7420023581614286,4.764667137836159,9.288818629496335,0.44137281745764895,1.472,1.472,0.0,0.0
satellite,70,2000,0.2235,1.7305634900550522,4.692875605912766,9.145021083537179,0.4194412488883248,1.428,1.384,0.0,0.0
satellite,71,2000,0.2195,1.7343973498203789,4.7246535745808735,9.05785674373519,0.4084754646036627,1.384,1.392,0.0,0.0
satellite,72,2000,0.2245,1.7313685524922524,4.714552950564212,9.295903790144465,0.44685570959998,1.504,1.464,0.0,0.0
satellite,73,2000,0.2255,1.742234053381503,4.734167580197077,8.997754861186472,0.40025112639016613,1.368,1.356,0.0,0.0
satellite,74,2000,0.2275,1.7331577968674725,4.73197474972186,9.386355247242305,0.4715287242404697,1.54,1.508,0.0,0.0
satellite,75,2000,0.2325,1.7484081588045421,4.75999844139024,9.464188229945258,0.46330438602697316,1.544,1.536,0.0,0.0
satellite,76,2000,0.219,1.7277345470373187,4.68824041356417,9.142161181221775,0.4084754646036627,1.42,1.404,0.0,0.0
satellite,77,2000,0.225,1.7364727054243976,4.733241484314071,9.17837243729165,0.42218269495949035,1.444,1.436,0.0,0.0
satellite,78,2000,0.223,1.7302607678041306,4.703208434390076,9.186045210659143,0.43588992531531795,1.464,1.44,0.0,0.0
satellite,79,2000,0.2305,1.7447279801583309,4.7436780704319546,9.328313739751898,0.4441142635288145,1.484,1.492,0.0,0.0
satellite,80,2000,0.223,1.7378380506148383,4.752902522659774,9.307762161601087,0.45508004781347655,1.532,1.52,0.0,0.0
satellite,81,2000,0.221,1.7286371435786856,4.64436709825434,8.910617716420429,0.38380244996317303,1.34,1.328,0.0,0.0
satellite,82,2000,0.226,1.728504921728539,4.660892560173147,8.87865194071198,0.3563879892515178,1.22,1.312,0.0,0.0
satellite,83,2000,0.223,1.731149881337647,4.707318160209866,9.278973853427845,0.43588992531531795,1.48,1.448,0.0,0.0
satellite,84,2000,0.23,1.7416332366118177,4.739305019227332,9.282404703607298,0.44685570959998,1.48,1.472,0.0,0.0
satellite,85,2000,0.22,1.7320035496416935,4.711268966643625,9.113006508418627,0.42766558710182134,1.468,1.396,0.0,0.0
satellite,86,2000,0.232,1.743873479710852,4.762201045499598,9.35785587666218,0.4331484792441524,1.46,1.512,0.0,0.0
satellite,87,2000,0.224,1.7285805772937257,4.731933160998015,9.356531824965236,0.4578214938846421,1.548,1.516,0.0,0.0
satellite,88,2000,0.2305,1.7469684659340337,4.727382519295629,9.09101423724718,0.41121691067482824,1.404,1.372,0.0,0.0
satellite,89,2000,0.2345,1.7416834982517695,4.74261264064253,9.144975664038625,0.38380244996317303,1.344,1.356,0.0,0.0
satellite,90,2000,0.2255,1.7428282091778349,4.748069315328827,9.15154321071503,0.43588992531531795,1.484,1.468,0.0,0.0
satellite,91,2000,0.2285,1.7369677132963943,4.743333917816872,9.420086263129061,0.46604583209813866,1.536,1.512,0.0,0.0
satellite,92,2000,0.224,1.736892376919546,4.714536847055682,9.225913814080885,0.43863137138648345,1.468,1.436,0.0,0.0
satellite,93,2000,0.2285,1.740621488015631,4.735301843481587,9.222630742003355,0.4441142635288145,1.452,1.42,0.0,0.0
satellite,94,2000,0.222,1.7320769201820199,4.711407443703056,9.174592717065382,0.41395835674599374,1.448,1.412,0.0,0.0
satellite,95,2000,0.225,1.7322017854514242,4.7240053245190134,9.303222020060602,0.4304070331729869,1.468,1.456,0.0,0.0
satellite,96,2000,0.228,1.746321487896264,4.716998810483736,9.106535642055977,0.39750968031900064,1.392,1.4,0.0,0.0
satellite,97,2000,0.223,1.729670304258718,4.734388213196929,9.341216728018592,0.4578214938846421,1.516,1.536,0.0,0.0
satellite,98,2000,0.231,1.7411838011488743,4.7132794631237,9.216284692179276,0.45233860174231105,1.512,1.452,0.0,0.0
satellite,99,2000,0.2265,1.7429663744545882,4.761405675604885,9.274879267551142,0.42492414103065584,1.448,1.436,0.0,0.0
satellite,100,2000,0.2235,1.729400437635575,4.719206427879446,9.340464409826282,0.44685570959998,1.496,1.5,0.0,0.0
satellite,101,2000,0.2285,1.7478866899943097,4.728268277453261,8.94670355834084,0.3947682342478351,1.384,1.336,0.0,0.0
satellite,102,2000,0.2195,1.723705052731937,4.686091163582739,9.10574273026724,0.4166998028171593,1.396,1.464,0.0,0.0
satellite,103,2000,0.2325,1.749931005757059,4.763534637732368,9.373172216369623,0.45508004781347655,1.516,1.516,0.0,0.0
satellite,104,2000,0.2245,1.7350697704688354,4.717136490832779,9.195869318514811,0.42766558710182134,1.476,1.444,0.0,0.0
satellite,105,2000,0.2265,1.735295106480184,4.6991431438628934,9.017598454527375,0.43588992531531795,1.448,1.392,0.0,0.0
satellite,106,2000,0.2225,1.735454429614151,4.750937411009002,9.271497913576164,0.46604583209813866,1.56,1.472,0.0,0.0
satellite,107,2000,0.222,1.7262690011769561,4.691570680148432,9.184252679255163,0.41121691067482824,1.384,1.432,0.0,0.0
satellite,108,2000,0.2265,1.7371364610091087,4.738093137695708,9.36208986830445,0.44137281745764895,1.516,1.472,0.0,0.0
satellite,109,2000,0.224,1.7334013714565,4.732235657771731,9.27018173979398,0.44685570959998,1.492,1.476,0.0,0.0
satellite,110,2000,0.2235,1.730270337262165,4.6961674286698125,9.13149036829607,0.43588992531531795,1.464,1.412,0.0,0.0
satellite,111,2000,0.2285,1.7479483666076718,4.742699697743336,9.046236894657358,0.41395835674599374,1.436,1.432,0.0,0.0
satellite,112,2000,0.226,1.7320646075828627,4.71979177871817,9.396092955021857,0.4578214938846421,1.516,1.524,0.0,0.0
satellite,113,2000,0.2255,1.7383955303295486,4.720926870135275,9.209498934573826,0.43588992531531795,1.448,1.424,0.0,0.0
satellite,114,2000,0.2295,1.7424969529922074,4.741349692866294,9.204729009922376,0.43863137138648345,1.428,1.456,0.0,0.0
satellite,115,2000,0.2245,1.7354768364584743,4.745226406621392,9.290069418858911,0.43863137138648345,1.492,1.468,0.0,0.0
satellite,116,2000,0.2255,1.7334855254332697,4.711286593793657,9.291914589709851,0.4578214938846421,1.492,1.484,0.0,0.0
satellite,117,2000,0.224,1.7399524899127048,4.717178552834163,9.117699396047255,0.43588992531531795,1.452,1.392,0.0,0.0
satellite,118,2000,0.225,1.7330588887178326,4.720026301039634,9.310040368043705,0.44959715567114555,1.496,1.544,0.0,0.0
satellite,119,2000,0.2325,1.7456471488695045,4.741422878742001,9.310374773165828,0.4687872781693042,1.552,1.464,0.0,0.0
unique,0,2000,0.436,1.9839659817966118,5.819047413417122,10.951138199098164,0.945798894552105,2.712,2.472,0.0,0.0
unique,1,2000,0.429,1.982784085024213,5.807182167455117,10.95654266517965,0.9595061249079325,2.712,2.496,0.0,0.25
unique,2,2000,0.478,1.9895096345193781,5.798072793775637,10.958552715430907,0.956764678836767,2.68,2.492,0.0,1.0
unique,3,2000,0.374,1.9455816629408957,5.73119089374547,10.946492413923368,0.9293502181251118,2.66,2.456,0.0,0.0
unique,4,2000,0.4535,1.9876719854655331,5.799944946904714,10.937693532011648,0.945798894552105,2.672,2.484,0.0,0.0
unique,5,2000,0.441,1.9802180234010038,5.799990467794992,10.872809403630379,0.9019357574134566,2.584,2.46,0.0,0.0
unique,6,2000,0.4115,1.971368820044301,5.768035432733557,10.958552715430907,0.9403160024097739,2.68,2.456,0.0,1.0
unique,7,2000,0.476,1.9942917773811768,5.8385647945529815,10.947497439049002,0.951281786694436,2.696,2.468,0.0,0.0
unique,8,2000,0.4895,1.996685097937417,5.845984128624695,10.921859474220536,0.9430574484809394,2.724,2.44,0.0,0.0
unique,9,2000,0.4755,1.9923179596632445,5.810983273752207,10.94566252223774,0.956764678836767,2.664,2.476,0.0,0.0
unique,10,2000,0.4785,1.9954847822865094,5.806935784435351,10.950512514425883,0.9540232327656015,2.684,2.456,0.0,0.0
unique,11,2000,0.4115,1.969463685239166,5.789620578452819,10.952522564677139,0.9485403406232704,2.716,2.5,0.0,0.0
unique,12,2000,0.4785,1.9979619543069893,5.8177167170480395,10.95754769030528,0.9540232327656015,2.668,2.448,0.0,0.5666666666666667
unique,13,2000,0.4525,1.991364604338921,5.844142697729045,10.9012466350202,0.9430574484809394,2.648,2.468,0.0,0.0
unique,14,2000,0.476,1.9980348017507326,5.822932685080646,10.93907789759063,0.9430574484809394,2.668,2.472,0.0,0.0
unique,15,2000,0.464,1.9960964387698534,5.844545457540699,10.94548738879774,0.9595061249079325,2.74,2.484,0.0,0.0
unique,16,2000,0.381,1.958658423052129,5.753798433201514,10.953527589802768,0.9649890170502636,2.736,2.456,0.0,0.016666666666666666
unique,17,2000,0.433,1.9845793847763684,5.7893960020349935,10.947497439048998,0.9375745563386084,2.692,2.456,0.0,0.0
unique,18,2000,0.4555,1.9880435648531523,5.795104044186366,10.919053540087123,0.9293502181251118,2.644,2.448,0.0,0.0
unique,19,2000,0.3655,1.9455780012030433,5.707172000309284,10.896500482538775,0.9320916641962773,2.644,2.412,0.0,0.0
unique,20,2000,0.3945,1.9674074193781497,5.774096324124635,10.95654266517965,0.956764678836767,2.704,2.468,0.0,0.3
unique,21,2000,0.4625,1.968823092353956,5.681184201781679,10.95654266517965,0.9156429877692842,2.616,2.428,0.0,0.45
unique,22,2000,0.347,1.882373632482776,5.539259498958245,10.95754769030528,0.9183844338404498,2.62,2.404,0.0,0.9
unique,23,2000,0.4155,1.976158077966176,5.8522332997114885,10.928401961662075,0.9403160024097739,2.708,2.48,0.0,0.0
unique,24,2000,0.3975,1.9660323026316735,5.772497782863971,10.93041201191332,0.9540232327656015,2.664,2.448,0.0,0.0
unique,25,2000,0.5345,1.9959904961675636,5.866358282374469,10.958552715430907,0.9649890170502636,2.668,2.476,0.0,1.0
unique,26,2000,0.665,1.8664317458927704,5.488096821894889,10.668821117979222,0.7977608067091668,2.376,2.296,0.0,0.0
unique,27,2000,0.4405,1.983927447438326,5.804834176109113,10.958552715430907,0.9759548013349256,2.688,2.476,0.0,1.0
unique,28,2000,0.411,1.9768810094384877,5.7817889590013545,10.93644216266709,0.9238673259827808,2.664,2.42,0.0,0.0
unique,29,2000,0.4395,1.985984380260484,5.790926648291808,10.958552715430907,0.9540232327656015,2.724,2.476,0.0,1.0
unique,30,2000,0.394,1.965491377296431,5.786619360940291,10.935171145072626,0.9320916641962773,2.684,2.476,0.0,0.0
unique,31,2000,0.467,1.9906588789879587,5.762064233240299,10.95654266517965,0.951281786694436,2.656,2.476,0.0,0.38333333333333336
unique,32,2000,0.3885,1.9529435260027053,5.760968563949567,10.903924261784965,0.9320916641962773,2.644,2.48,0.0,0.0
unique,33,2000,0.4405,1.9860860828044338,5.7873613073678865,10.956163324726301,0.956764678836767,2.7,2.476,0.0,0.18333333333333332
unique,34,2000,0.4505,1.9928626140881462,5.826803303134157,10.92123378954826,0.9430574484809394,2.692,2.444,0.0,0.0
unique,35,2000,0.447,1.9881835921309015,5.853262478233313,10.958552715430907,0.9540232327656015,2.696,2.492,0.0,1.0
unique,36,2000,0.434,1.98084656739552,5.795612374559636,10.932015712763986,0.9293502181251118,2.708,2.468,0.0,0.0
unique,37,2000,0.403,1.9716182990052844,5.770542577871779,10.95654266517965,0.9430574484809394,2.724,2.52,0.0,0.4
unique,38,2000,0.466,1.9839580056773127,5.792622083472639,10.889290256173727,0.9348331102674429,2.64,2.452,0.0,0.0
unique,39,2000,0.4635,1.9914286362026363,5.787676843366278,10.953148249349418,0.9622475709790981,2.736,2.492,0.0,0.0
unique,40,2000,0.4805,1.9827227522277215,5.747214629336369,10.733118686103959,0.8498482820613117,2.464,2.36,0.0,0.0
unique,41,2000,0.483,1.9977707397802684,5.8450376750056074,10.77399934561273,0.8772627427729669,2.564,2.436,0.0,0.0
unique,42,2000,0.5215,1.997829842872392,5.826009461993351,10.955537640054022,0.9375745563386084,2.676,2.488,0.0,0.06666666666666667
unique,43,2000,0.473,1.9950649105297182,5.856648934766893,10.95654266517965,0.9732133552637602,2.74,2.488,0.0,0.18333333333333332
unique,44,2000,0.461,1.9947911691125249,5.8527041644071245,10.95754769030528,0.951281786694436,2.712,2.472,0.0,0.4
unique,45,2000,0.482,1.9986780152088408,5.8480609820860385,10.879507285365891,0.945798894552105,2.712,2.468,0.0,0.0
unique,46,2000,0.4875,1.9965527630374889,5.845411927266527,10.892334405123972,0.9183844338404498,2.66,2.44,0.0,0.0
unique,47,2000,0.445,1.9850353858344512,5.7649382856868865,10.905608873000611,0.9183844338404498,2.62,2.392,0.0,0.0
unique,48,2000,0.396,1.9418901293331234,5.7026263181766375,10.945487388797744,0.9485403406232704,2.664,2.424,0.0,0.0
unique,49,2000,0.455,1.9929167078940273,5.8218943500318385,10.881411077384975,0.9430574484809394,2.664,2.432,0.0,0.0
unique,50,2000,0.417,1.9790144550716646,5.797735705145795,10.8090279623274,0.9211258799116152,2.612,2.416,0.0,0.0
unique,51,2000,0.4845,1.9932315545946866,5.805650544037616,10.898497552112154,0.9266087720539463,2.636,2.448,0.0,0.0
unique,52,2000,0.506,1.9985297962241566,5.808162695614551,10.935437137541461,0.951281786694436,2.644,2.48,0.0,0.0
unique,53,2000,0.4755,1.9957157771316503,5.799606137146148,10.955537640054024,0.9430574484809394,2.676,2.476,0.0,0.13333333333333333
unique,54,2000,0.4755,1.9945437909463042,5.80649840240478,10.9149041707887,0.9320916641962773,2.66,2.456,0.0,0.0
unique,55,2000,0.461,1.9928862604212094,5.830103233297729,10.95654266517965,0.9704719091925946,2.712,2.468,0.0,0.31666666666666665
unique,56,2000,0.423,1.9821771724157882,5.8096700931918654,10.958552715430907,0.9622475709790981,2.704,2.484,0.0,1.0
unique,57,2000,0.418,1.9791121260014077,5.7789423563443245,10.95754769030528,0.951281786694436,2.68,2.452,0.0,0.6
unique,58,2000,0.4305,1.985213096507877,5.823070310996351,10.958552715430907,0.9595061249079325,2.72,2.448,0.0,1.0
unique,59,2000,0.4175,1.9745525887610738,5.797031831248518,10.95754769030528,0.956764678836767,2.732,2.452,0.0,0.38333333333333336
unique,60,2000,0.489,1.9962974749269828,5.793560269634625,10.958552715430907,0.9622475709790981,2.712,2.432,0.0,1.0
unique,61,2000,0.455,1.9748984746795237,5.680256714641441,10.78973462158984,0.8991943113422911,2.608,2.404,0.0,0.0
unique,62,2000,0.5035,1.9983686204777935,5.824955548562752,10.958552715430907,0.9786962474060912,2.724,2.48,0.0,1.0
unique,63,2000,0.489,1.9962194017285195,5.818145843825518,10.925500234269695,0.945798894552105,2.696,2.46,0.0,0.0
unique,64,2000,0.526,1.9960177289816763,5.824318684659294,10.891329379998338,0.9183844338404498,2.648,2.464,0.0,0.0
unique,65,2000,0.439,1.9876367551599492,5.8197614897849155,10.851950580393556,0.9211258799116152,2.656,2.464,0.0,0.0
unique,66,2000,0.429,1.9671805132513167,5.789187346124477,10.949507489300252,0.9430574484809394,2.7,2.496,0.0,0.0
unique,67,2000,0.45,1.9899985322625995,5.817545968704993,10.933540435274718,0.9403160024097739,2.676,2.452,0.0,0.0
unique,68,2000,0.487,1.996394685366545,5.810279264388454,10.90096179190447,0.9293502181251118,2.624,2.444,0.0,0.0
unique,69,2000,0.427,1.9824892301903299,5.812603039630496,10.95654266517965,0.9732133552637602,2.688,2.496,0.0,0.2
unique,70,2000,0.438,1.987639268063899,5.850864279984068,10.912681251855457,0.9320916641962773,2.684,2.468,0.0,0.0
unique,71,2000,0.5095,1.9959537481578842,5.814553370830673,10.95754769030528,0.945798894552105,2.664,2.484,0.0,0.5333333333333333
unique,72,2000,0.425,1.9763925409196814,5.779525656703739,10.943477338546492,0.9375745563386084,2.656,2.468,0.0,0.0
unique,73,2000,0.4555,1.992031177589583,5.759730951824774,10.906301449442589,0.9348331102674429,2.648,2.436,0.0,0.0
unique,74,2000,0.433,1.9863658769559647,5.814479438784556,10.946667547363369,0.9540232327656015,2.74,2.448,0.0,0.0
unique,75,2000,0.3365,1.9130694708478624,5.664479386486134,10.938565560902862,0.9430574484809394,2.688,2.412,0.0,0.0
unique,76,2000,0.328,1.9001950697897643,5.629713088082102,10.879781415178563,0.9046772034846221,2.564,2.388,0.0,0.0
unique,77,2000,0.3805,1.9403439703417207,5.739896678879656,10.91670135235797,0.9320916641962773,2.664,2.448,0.0,0.0
unique,78,2000,0.368,1.9389950327748597,5.67359902663578,10.900558401237621,0.9156429877692842,2.648,2.404,0.0,0.0
unique,79,2000,0.3965,1.9659950166351983,5.790214343377698,10.923376836033924,0.951281786694436,2.72,2.456,0.0,0.0
unique,80,2000,0.413,1.9763497632917957,5.7895269968059635,10.955537640054022,0.9403160024097739,2.672,2.472,0.0,0.13333333333333333
unique,81,2000,0.4635,1.9912697146683305,5.805839978819564,10.89661391347764,0.9430574484809394,2.652,2.452,0.0,0.0
unique,82,2000,0.471,1.996932227536913,5.843598083316664,10.950512514425885,0.9540232327656015,2.712,2.46,0.0,0.0
unique,83,2000,0.4195,1.9805562617428556,5.82023370655841,10.945662522237741,0.956764678836767,2.68,2.452,0.0,0.0
unique,84,2000,0.462,1.9943582307688912,5.846679784770291,10.951138199098162,0.9430574484809394,2.688,2.468,0.0,0.0
unique,85,2000,0.416,1.974173872496489,5.77359684859993,10.953527589802768,0.9403160024097739,2.68,2.472,0.0,0.03333333333333333
unique,86,2000,0.3725,1.9515512909198134,5.746210239132993,10.94088374082853,0.945798894552105,2.68,2.5,0.0,0.0
unique,87,2000,0.5715,1.9710241818582275,5.80335799858082,10.86608373630111,0.8991943113422911,2.476,2.392,0.0,0.0
unique,88,2000,0.4205,1.979304015361583,5.838888193267863,10.940708607388535,0.945798894552105,2.648,2.472,0.0,0.0
unique,89,2000,0.4495,1.9923704780938438,5.799048455044174,10.955537640054024,0.9595061249079325,2.672,2.512,0.0,0.11666666666666667
unique,90,2000,0.434,1.9871020786853322,5.840854768931006,10.95754769030528,0.9649890170502636,2.728,2.52,0.0,0.36666666666666664
unique,91,2000,0.383,1.959983525154573,5.768226856083179,10.95654266517965,0.9485403406232704,2.712,2.472,0.0,0.31666666666666665
unique,92,2000,0.426,1.982950783157649,5.8073899992780795,10.95754769030528,0.9540232327656015,2.716,2.48,0.0,0.5833333333333334
unique,93,2000,0.4085,1.9653076081650513,5.755794440661901,10.938186220449513,0.9375745563386084,2.672,2.46,0.0,0.0
unique,94,2000,0.341,1.8971637354166369,5.598902707149388,10.95754769030528,0.9211258799116152,2.664,2.444,0.0,0.8333333333333334
unique,95,2000,0.512,1.9984142591281764,5.786992926372364,10.954532614928395,0.9595061249079325,2.704,2.46,0.0,0.06666666666666667
unique,96,2000,0.486,1.9992888695257445,5.804713423924455,10.958552715430907,0.9485403406232704,2.7,2.476,0.0,1.0
unique,97,2000,0.4425,1.9881053743020212,5.79721453368339,10.958552715430907,0.945798894552105,2.676,2.48,0.0,1.0
unique,98,2000,0.467,1.9966361466735256,5.81460558868197,10.955537640054022,0.951281786694436,2.7,2.52,0.0,0.13333333333333333
unique,99,2000,0.5175,1.9769168359138194,5.713177482662884,10.954532614928395,0.9266087720539463,2.66,2.444,0.0,0.13333333333333333
unique,100,2000,0.509,1.999454750075998,5.845095953111324,10.958552715430907,0.9677304631214291,2.764,2.48,0.0,1.0
unique,101,2000,0.507,1.9983465698017744,5.858180369560122,10.92876165386551,0.9403160024097739,2.668,2.416,0.0,0.0
unique,102,2000,0.446,1.9904666397005195,5.858244451201919,10.955537640054022,0.9786962474060912,2.72,2.472,0.0,0.08333333333333333
unique,103,2000,0.425,1.9828479599966926,5.787109997102055,10.947672572488996,0.9348331102674429,2.712,2.46,0.0,0.0
unique,104,2000,0.4225,1.978219705881288,5.778715297558037,10.922722077788293,0.9266087720539463,2.608,2.468,0.0,0.0
unique,105,2000,0.4425,1.9894422832009302,5.803829665109154,10.95754769030528,0.956764678836767,2.712,2.444,0.0,0.48333333333333334
unique,106,2000,0.395,1.9672862551378558,5.796938137547471,10.950512514425887,0.9540232327656015,2.716,2.428,0.0,0.0
unique,107,2000,0.4015,1.9710174551494215,5.8018952372587975,10.93831921668393,0.945798894552105,2.664,2.488,0.0,0.0
unique,108,2000,0.524,1.998098642547155,5.825119417038953,10.943477338546488,0.9375745563386084,2.684,2.476,0.0,0.0
unique,109,2000,0.4765,1.9980845205806907,5.832233014178969,10.942472313420858,0.956764678836767,2.716,2.476,0.0,0.0
unique,110,2000,0.375,1.9540615546441151,5.769948022258232,10.897719222955562,0.9375745563386084,2.636,2.452,0.0,0.0
unique,111,2000,0.491,1.9961905547549872,5.828196404692396,10.953527589802768,0.9540232327656015,2.704,2.468,0.0,0.03333333333333333
unique,112,2000,0.462,1.979841933959577,5.729384985841909,10.863735103926363,0.8991943113422911,2.536,2.404,0.0,0.0
unique,113,2000,0.5175,1.9923530459913454,5.798981058556203,10.946492413923373,0.9375745563386084,2.652,2.424,0.0,0.0
unique,114,2000,0.458,1.991701760429609,5.766463771283773,10.910191576798569,0.945798894552105,2.668,2.488,0.0,0.0
unique,115,2000,0.3845,1.9611439626470752,5.779658585368282,10.887422627480346,0.9293502181251118,2.664,2.5,0.0,0.0
unique,116,2000,0.3455,1.9290879426745453,5.636220440145055,10.516568543872863,0.8388824977766496,2.412,2.276,0.0,0.0
unique,117,2000,0.4505,1.990428253426317,5.830228042612261,10.922447955917358,0.9485403406232704,2.684,2.476,0.0,0.0
unique,118,2000,0.448,1.988720388107986,5.840049693336997,10.935683481760396,0.9375745563386084,2.668,2.528,0.0,0.0
unique,119,2000,0.434,1.9847479740459775,5.827201725242118,10.944349367437697,0.9704719091925946,2.724,2.472,0.0,0.0
coding,0,2000,0.5755,1.9832152934116152,5.768440984206302,10.953527589802766,0.9293502181251118,2.636,2.44,0.0,0.08333333333333333
coding,1,2000,0.551,1.9876165397320624,5.8405723003450225,10.953527589802766,0.9485403406232704,2.7,2.452,0.0,0.0
coding,2,2000,0.391,1.940430141385095,5.7025571962927275,10.95754769030528,0.9403160024097739,2.724,2.448,0.0,0.7166666666666667
coding,3,2000,0.399,1.95558486282864,5.735173567616352,10.95654266517965,0.9430574484809394,2.708,2.428,0.0,0.4166666666666667
coding,4,2000,0.4805,1.9938934716529313,5.811860877677371,10.95654266517965,0.9595061249079325,2.712,2.44,0.0,0.25
coding,5,2000,0.4715,1.9911344915310154,5.889290575192211,10.958552715430907,0.9704719091925946,2.728,2.488,0.0,1.0
coding,6,2000,0.54,1.9907898185960387,5.848336575251443,10.95754769030528,0.9732133552637602,2.732,2.452,0.0,0.48333333333333334
coding,7,2000,0.4185,1.9681041567526356,5.788691173029259,10.95754769030528,0.9677304631214291,2.684,2.412,0.0,0.55
coding,8,2000,0.345,1.9135662627838252,5.579029141687634,10.958552715430907,0.9129015416981187,2.608,2.42,0.0,1.0
coding,9,2000,0.337,1.9090682527830771,5.616354851299353,10.95151753955151,0.9375745563386084,2.648,2.448,0.0,0.03333333333333333
coding,10,2000,0.3315,1.9057012556695425,5.615907787930864,10.952522564677139,0.9019357574134566,2.636,2.42,0.0,0.08333333333333333
coding,11,2000,0.3915,1.957846561413408,5.753492226596062,10.958552715430907,0.9403160024097739,2.696,2.436,0.0,1.0
coding,12,2000,0.471,1.9920793836587458,5.857667802700236,10.948123123721281,0.9485403406232704,2.696,2.496,0.0,0.0
coding,13,2000,0.6615,1.9141350916129622,5.26376729769588,10.659636770606713,0.7264832088588632,2.22,2.04,0.0,0.0
coding,14,2000,0.627,1.951006917487103,5.583937371102947,10.832752281993171,0.8553311742036427,2.476,2.32,0.0,0.0
