contrast,model,auroc,sd
satellite_vs_unique,GC + H1,0.8770833333333334,0.04680936763243171
satellite_vs_unique,GC + H1 + R_shuffle,0.8927083333333334,0.03108366224629872
satellite_vs_unique,GC + H1 + evo2,0.9326388888888889,0.01333080126420312
satellite_vs_unique,GC + H1 + R + evo2,0.9357638888888887,0.014358384116760702
satellite_vs_unique,all + evo2,0.9371527777777778,0.016630458353927798
satellite_vs_unique,[single] evo2_bpb,0.9120138888888889,0.0
satellite_vs_unique,[single] R_shuffle,0.6493402777777778,0.0
satellite_vs_unique,[single] bz2_bpb,0.8785069444444444,0.0
satellite_vs_unique,[single] lz_norm,0.9153472222222222,0.0
satellite_vs_unique,[single] H1,0.8746527777777777,0.0
satellite_vs_coding,GC + H1,0.8166666666666667,0.11090258209820626
satellite_vs_coding,GC + H1 + R_shuffle,0.9416666666666668,0.07474235581707617
satellite_vs_coding,GC + H1 + evo2,0.8583333333333332,0.08579691784155832
satellite_vs_coding,GC + H1 + R + evo2,0.9416666666666668,0.06826780959691396
satellite_vs_coding,all + evo2,0.9472222222222222,0.05983516452371669
satellite_vs_coding,[single] evo2_bpb,0.5155555555555555,0.0
satellite_vs_coding,[single] R_shuffle,0.8355555555555555,0.0
satellite_vs_coding,[single] bz2_bpb,0.7872222222222223,0.0
satellite_vs_coding,[single] lz_norm,0.8813888888888889,0.0
satellite_vs_coding,[single] H1,0.7749999999999999,0.0
coding_vs_unique,GC + H1,0.8527777777777779,0.07983393257333288
coding_vs_unique,GC + H1 + R_shuffle,0.8277777777777777,0.11337962017754752
coding_vs_unique,GC + H1 + evo2,0.9027777777777777,0.06514466333088095
coding_vs_unique,GC + H1 + R + evo2,0.9333333333333332,0.02389534796400728
coding_vs_unique,all + evo2,0.9361111111111111,0.05457467417885695
coding_vs_unique,[single] evo2_bpb,0.8866666666666667,0.0
coding_vs_unique,[single] R_shuffle,0.6836111111111111,0.0
coding_vs_unique,[single] bz2_bpb,0.7263888888888889,0.0
coding_vs_unique,[single] lz_norm,0.5408333333333333,0.0
coding_vs_unique,[single] H1,0.7083333333333333,0.0
