chromA,lenA,lenB,bz2_bpb_A,ncd_paralog,ncd_random
chr1,13730,21747,1.8120903131828114,0.8580977845683728,0.9873164218958611
chr1,17171,10765,1.0329043154155262,0.45737483085250336,1.1223504158840891
chr1,25382,23975,2.1672051059806163,0.8791448516579407,0.9901105293775451
chr1,16357,16278,2.0996515253408328,0.7999537999538,0.9828352899324084
chr1,51445,53055,2.0868889104869277,0.7843322665114926,0.9890714445022675
chr1,44432,44202,2.1146921137918615,0.8685299332939289,0.997127972214801
chr1,21448,19313,2.164863856769862,0.874052377670572,0.9804926434121343
chr1,12176,12717,2.206964520367937,0.8455797933409873,0.9696338195891634
chr1,47466,46784,2.099523869717271,0.678092638677049,0.9806534478606406
chr1,12205,12196,2.2063088897992627,0.8285799168152109,0.9907978902480081
chr1,40847,40836,2.1483095453766494,0.6648131267092069,0.9793964809918863
chr1,12431,11902,2.209958973533907,0.831100757134537,1.0742574257425743
chr1,13976,10894,1.1934745277618775,0.49767225325884545,1.0441421432537479
chr1,36772,39299,2.149026433155662,0.6369895312647363,0.9826888034014983
chr1,56950,54905,2.073116769095698,0.7704295975064371,0.9857704295975065
chr10,43332,41736,2.0823409951075416,0.7999822679315542,0.990152733118971
chr10,17350,14767,1.9914697406340058,0.7761055799953693,0.965964343598055
chr10,17906,17924,2.1963587624260024,0.7890561432058584,0.9814487632508834
chr10,35177,27839,2.1718736674531653,0.8879581151832461,0.9898429319371728
chr11,38561,38076,2.1740100101138458,0.6501574577726882,0.9791964882145243
chr11,14326,15345,2.1605472567360047,0.8102815177478581,1.1199276298785217
chr11,19851,19966,2.187093849176364,0.8387691173760825,0.9895599654874893
chr13,53827,53701,2.147621082356438,0.8417301038062284,0.9901038062283737
chr13,19824,25902,1.3151735270379339,0.29794415464866525,0.322131395700878
chr13,13053,13011,2.18003524094078,0.8175202910719284,0.9838381267498091
chr13,33942,36254,2.1535560662306286,0.865751728407801,0.9968809739410404
chr13,38606,32900,2.156348754079677,0.8513357678262541,0.9617528349029406
chr13,11208,11231,2.2134189864382585,0.7616912235746316,0.9792764951826941
chr13,11036,10544,2.2486408118883654,0.8297872340425532,0.9890642731868359
chr14,31182,30528,0.9631197485728946,0.5057085292142377,1.1208267090620032
chr14,24849,24928,2.1728037345567226,0.735380980507974,0.977922655208179
chr14,17643,21056,2.145213399081789,0.7361216730038023,0.9862555384754499
chr14,31065,32985,2.151617576050217,0.7775,0.997606223818073
chr14,51560,53055,2.090147401086113,0.7826592958975851,0.9916858436641675
chr14,11507,11856,2.1677239940905535,0.825,0.9722712377111167
chr14,21141,16028,2.1039685918357693,0.8893884892086331,1.114388489208633
chr14,23372,25096,2.162245421872326,0.844693066391874,0.9898394934472096
chr14,19468,18285,2.186562564207931,0.8577335087389588,0.9847772975004698
chr14,10594,11605,2.21181801019445,0.85718789407314,0.9968612680477087
chr15,35641,30546,1.0417216127493616,0.5899590605472959,1.1215255332902392
chr15,29159,29215,1.0159470489385782,0.28563772775991425,0.32136105860113423
chr15,45034,43657,2.10951725363059,0.8090947368421053,1.0876631578947369
chr15,22916,17297,2.182230755803805,0.8931370980643097,0.982402815549512
chr15,23315,24686,2.1702766459360925,0.8352605496320769,0.9838735177865613
chr15,46602,43653,2.0763057379511607,0.8013228606862339,0.9794956593633733
chr15,14933,15000,2.2082635773119934,0.833534088171525,0.9764822134387352
chr15,15645,15244,2.206455736657079,0.8653534183082271,0.9863267670915411
chr15,11699,14304,2.234720916317634,0.9030058095478656,0.9930123627428395
chr15,23791,23997,2.1860367365810602,0.6106752807260422,0.9896633978266631
chr15,33671,34326,2.0292833595675805,0.5693456199696723,0.9906334152909495
chr16,23750,19414,1.9873684210526317,0.6838983050847458,0.968813559322034
chr16,27842,25381,1.9691114144098842,0.6686122865898146,0.9859915365533343
chr16,22337,22158,2.0894480010744503,0.6796366129585191,0.9794309221803222
chr16,30910,28818,2.0009058557101262,0.6524382356745569,0.9888759539516233
chr16,10352,10256,2.21483771251932,0.7526168876482903,0.9028091039573508
chr16,17001,15827,2.1782248103052764,0.8466191402030676,0.9246057463815078
chr16,34233,33823,2.1013641807612538,0.7234208185053381,0.9462855871886121
chr16,18276,18629,2.1365725541694025,0.801913680781759,0.978152101400934
chr16,12310,21288,2.2082859463850526,0.9030209406110539,0.928534616045353
chr16,18334,21038,2.1354859823279155,0.8272727272727273,0.9766855702583491
chr16,14205,15262,2.187961985216473,0.8183770883054893,0.9819539514623522
chr16,10278,10108,2.213660245183888,0.819620253164557,0.9714742735270594
chr16,14211,14239,2.1898529308282315,0.7843388960205392,0.9864892115345836
chr16,45229,43897,2.118463817462248,0.8565584036069133,0.9881439425565668
chr16,17061,18153,2.184162710274896,0.8268145161290322,0.9916273078574496
chr16,10097,14320,2.0204020996335545,0.88371467025572,0.9911679610172073
chr16,34891,28077,2.067925826144278,0.7019625235613705,0.9829249362457035
chr17,29778,30115,2.1868493518705083,0.8217858014149793,0.9901100340581609
chr17,20257,20497,2.181961790985832,0.8270502054672145,1.0092307692307692
chr17,23804,22583,2.151235086540077,0.8162787064521169,0.9885955319481331
chr17,14941,14906,2.1969078374941438,0.8252498172069218,0.995779376498801
chr17,22219,22944,2.1559926189297447,0.8317299853252894,0.9981629926519706
chr17,14855,14863,2.2020868394479973,0.6022340942204953,0.9938487115544472
chr17,18530,17870,2.1858607663248786,0.7884653367568635,0.9962299717247879
chr18,21230,21299,2.088365520489873,0.6510707216123808,0.9879401052205585
chr18,29629,23060,2.1535657632724696,0.8649699097291875,0.9280341023069207
chr19,25306,23747,2.180352485576543,0.8479048861823981,0.986370885892417
chr2,16730,15210,2.1040047818290497,0.8665909090909091,0.9842744817726948
chr2,26745,29413,2.158160403813797,0.8387434554973822,0.9969507969507969
chr2,24249,23681,2.1371602952699083,0.7721518987341772,1.0069465884532263
chr2,22833,22066,2.130950816800245,0.8398553107530418,0.9848733969089115
chr2,14182,13632,2.19263855591595,0.8147671726267044,1.037046565474659
chr2,10835,10784,2.194370096908168,0.779939617577994,0.9831675592960979
chr2,41691,41670,2.1641121584994365,0.7995211917006562,0.9799609859904238
chr2,50159,50119,2.156502322614087,0.799349160565047,0.9849432644748327
chr2,55986,55345,2.1635408852213054,0.7193712436430884,0.9964335248662571
chr2,24206,22005,2.1971412046600016,0.7918170878459687,0.9790914560770156
chr2,11123,10770,2.159129731187629,0.7928047968021319,0.9778989667049368
chr2,39655,38981,2.1340058000252173,0.6366988088485536,0.9801779935275081
chr20,34453,32908,2.1601602182683655,0.8429538858432764,0.9918305922820595
chr20,37348,36045,2.1576523508621612,0.8309341804824779,0.9779398359161349
chr21,26441,22926,1.0910328656253545,0.677970297029703,1.1261785912368276
chr21,29215,28174,1.0219407838439158,0.43890675241157556,1.0120578778135048
chr21,28430,20371,1.9297924727400633,0.8104403616214639,0.9872677544091295
chr21,17856,18437,2.1232078853046596,0.7792904290429042,0.9875909285408644
chr21,52855,56273,2.1504871819127804,0.842644694533762,0.9973958333333334
chr21,13315,13247,2.189410439354112,0.8298572996706916,0.9606652587117213
chr21,31388,37673,1.9510641009302918,0.8422040636042403,0.9862834748530372
chr21,18250,13848,2.1396164383561644,0.8346650276582668,0.9839156229400132
chr22,14507,18639,2.206383125387744,0.8843670514576404,0.9897376319101558
chr22,20635,19824,1.1890477344317907,0.3731205891377723,1.1263157894736842
chr22,42501,43851,2.101785840333169,0.8161345987920621,0.9898799928353932
chr22,14102,14143,2.201673521486314,0.8036494474428167,0.9903512425378315
chr22,25120,26239,1.0665605095541402,0.45685279187817257,0.4681994625261272
chr22,28863,33531,2.1652634861241036,0.8192924408246373,0.9831029185867896
chr22,37621,37431,2.1430583982350284,0.6748362770390951,0.9964278626711649
chr22,23204,23564,2.157903809687985,0.7833096254148886,0.9810133692843501
chr22,23165,21885,2.0047485430606518,0.762962962962963,0.9832902670111973
chr22,36818,35880,2.1598131348796783,0.7966800804828974,0.9893360160965795
chr22,17367,22986,2.199113260781943,0.8813990461049285,1.1267281105990783
chr22,11146,11138,2.1963036066750403,0.8055735580038885,0.9849379799173066
chr22,45043,41046,2.1632662122860378,0.7657635467980296,0.9909688013136289
chr22,11026,10912,1.9343370215853437,0.7546330615270571,0.9998863636363636
chr3,21992,15885,2.026555110949436,0.8637587506731287,0.9946173988943846
chr3,18473,14236,2.202132842526931,0.9099311701081613,0.983480825958702
chr3,31179,30562,0.9814298085249687,0.47787215020116225,1.1510297482837528
chr3,16574,25163,2.1566308676239894,0.8618760123693123,0.9826291770940674
chr4,15374,16563,2.195394822427475,0.859796550199027,0.9868079152508495
chr4,12911,12869,1.5496863139958175,0.682360326428123,1.0942622950819672
chr4,13863,16942,2.185385558681382,0.8995194408038445,1.103602595658984
chr4,22927,22346,1.4100405635277184,0.5389755011135857,0.5399653551101212
chr4,30562,32217,1.1711275440089,0.48323647742512293,1.0696586380176747
chr4,18226,18873,2.175792823439043,0.8060252672497571,0.9858785555779706
chr5,26524,15603,2.053083999396773,0.8940796239165565,0.9889819303658
chr5,19364,22679,2.0991530675480274,0.7291414752116082,0.9825381426933592
chr5,18145,18743,2.1683108294295947,0.6903162055335968,0.9739731598210655
chr6,10114,10560,2.089776547360095,0.6354826686544912,0.9890658426432137
chr7,48097,50065,2.0586730981142276,0.7366198264608769,0.9942635533651127
chr7,57235,55607,2.1669258320957456,0.8553183254853899,0.9918080371540992
chr7,22728,22350,2.1640267511439633,0.8420624593363696,0.9910183133092266
chr7,15130,12382,1.9241242564441507,0.7458092882660071,0.9738497837200157
chr7,11476,10834,2.15336354130359,0.8028488183878277,0.9878603945371776
chr7,16316,14659,2.1201274822260356,0.8172987974098057,0.9883539023118373
chr7,12073,12171,2.211215108092438,0.8297047420220698,0.9935974389755903
chr7,21110,17711,2.1847465656087164,0.8572419774501301,0.9115351257588898
chr7,15554,14665,2.1915905876301918,0.827739967143863,0.9322543352601156
chr7,15493,14182,2.1914412960691925,0.8348256361922715,0.9526580861779519
chr7,23188,21922,2.1780231154045198,0.8518929193727229,0.9865357199429748
chr7,20917,21377,2.1819572596452645,0.8337055488747638,0.9043940954342602
chr7,24088,23530,2.1750249086682167,0.817376698732631,0.9880897846999542
chr7,23336,23589,2.1827219746314706,0.8809894212818917,0.9789539814669389
chr7,11301,14946,2.2015750818511637,0.7003465742468675,0.9794212218649517
chr7,18615,18870,2.1019607843137256,0.637830207703166,0.9830300552034349
chr7,16776,15685,2.156413924654268,0.849624060150376,0.9916695001700102
chr7,21664,17535,1.895864106351551,0.7756135566809506,0.9904557849629918
chr7,24972,24977,2.0884190293128304,0.7169179229480737,0.9975456358337168
chr8,28819,31319,2.1932752697872933,0.7738279852081593,0.9789900012656626
chr8,51553,58012,2.1231742090663976,0.7480351061042704,0.986844028650782
chr8,16217,16078,2.075846334093852,0.6611216730038023,0.9994639985706628
chr9,12028,11986,2.206850681742601,0.78541289933695,0.9851998026640355
chr9,41099,40938,2.0302197133750215,0.7741131351869607,0.9947267497603068
chr9,22598,20362,1.8706080184087088,0.7306964420893263,0.9926626447089516
chr9,23069,22382,2.163596168017686,0.8230485654752364,0.989100817438692
chr9,39601,39677,2.1205525113002195,0.7796418473138549,0.9947604077355435
chr9,45481,47217,2.1037356258657463,0.8111695669769324,0.9874581939799331
chr9,15444,14358,2.192178192178192,0.7984404536862004,0.8734197471595455
chr9,12427,12282,2.197795123521365,0.8195664909197422,0.9844039530574429
chrX,22880,20592,2.1534965034965037,0.8676733235914921,0.9936678032148076
chrX,11357,12908,1.7546887382231222,0.6490737504369102,0.9946335078534031
chrY,17440,17095,1.986697247706422,0.7744169937658739,1.0009379396592153
