chrom,start,direct_sim,inverted_sim
chrY,0,0.020912767186597344,0.02214960058097313
chrY,300000,0.022965393163297702,0.02520172432850669
chrY,600000,0.025633106856084,0.027479604980678404
chrY,900000,0.026444350042480885,0.027714581178903828
chrY,1200000,0.026444350042480885,0.027476179924662086
chrY,1500000,0.025930572982015895,0.028605742985042034
chrY,1800000,0.022873272337940433,0.022762227007074746
chrY,2100000,0.020258918865500544,0.019276120168153388
chrY,2400000,0.016180294712510836,0.025075852222023916
chrY,2700000,0.009316224292494287,0.008923838133945927
chrY,3000000,0.014673770634989956,0.01615814353244521
chrY,3300000,0.00747358474357873,0.008835273128876052
chrY,3600000,0.0066982975160480044,0.008431558117525596
chrY,3900000,0.01405553651011313,0.01392308345360387
chrY,4200000,0.01256106071179344,0.015081509894516607
chrY,4500000,0.02234192864712116,0.022120723625291064
chrY,4800000,0.012504665920119448,0.013215859030837005
chrY,5100000,0.012154599510318293,0.010555700950885458
chrY,5400000,0.010585624039610723,0.011829787234042554
chrY,5700000,0.024027777777777776,0.12327311370882041
chrY,6000000,0.026894437144108628,0.43839040239940014
chrY,6300000,0.017457913957424066,0.018461538461538463
chrY,6600000,0.019839520324486378,0.018296973961998593
chrY,6900000,0.018094731240021287,0.019051878354203935
chrY,7200000,0.022833825316895293,0.11650668172407302
chrY,7500000,0.03511647972389991,0.028652532600017742
chrY,7800000,0.020655822359927703,0.029813342550985136
chrY,8100000,0.014354066985645933,0.014413299142276063
chrY,8400000,0.02809087706939063,0.037573313782991204
chrY,8700000,0.07815825111240085,0.13051431030772542
chrY,9000000,0.874,0.062256149279050044
chrY,9300000,0.874,0.06211916046039269
chrY,9600000,0.28921244209133024,0.06610964526531808
chrY,9900000,0.029671717171717172,0.4384298037254657
chrY,10200000,0.024433116540692565,0.06792790108744227
chrY,10500000,0.05239259517988124,0.013221802482460875
chrY,10800000,0.05239259517988124,0.01347103726986978
chrY,11100000,0.02282086479066575,0.006578947368421052
chrY,11400000,0.016626224498966478,0.01713873353779542
chrY,11700000,0.11154949784791966,0.017455138662316478
chrY,12000000,0.11154949784791966,0.02109181141439206
chrY,12300000,0.09084507042253522,0.020454917362133857
chrY,12600000,0.02494302355026589,0.01481930843227316
chrY,12900000,0.021619217081850533,0.022599875433757452
chrY,13200000,0.029029994737765304,0.0282222612976965
chrY,13500000,0.012613748986395171,0.010838351088466883
chrY,13800000,0.029029994737765304,0.02240722699495173
chrY,14100000,0.011570247933884297,0.010336602173336868
chrY,14400000,0.02456803455723542,0.023021963482402753
chrY,14700000,0.02456803455723542,0.024638072115816922
chrY,15000000,0.01825068870523416,0.018200818601410783
chrY,15300000,0.012827225130890052,0.012683177650184249
chrY,15600000,0.01801721842549037,0.02008174871156922
chrY,15900000,0.01707317073170732,0.016969802454094508
chrY,16200000,0.01779265392407293,0.0181353992428911
chrY,16500000,0.020933547122750758,0.03314819712598078
chrY,16800000,0.017440841367221734,0.06984729375621217
chrY,17100000,0.017129509473137815,0.07517781579184298
chrY,17400000,0.015376550760090861,0.01725200246457178
chrY,17700000,0.023910733262486716,0.022984441301272984
chrY,18000000,0.015687294158433004,0.017580687483600105
chrY,18300000,0.013921517445401549,0.3579387186629526
chrY,18600000,0.05056637970095152,0.5923172242874845
chrY,18900000,0.12574679943100997,0.5766953713670614
chrY,19200000,0.023157150433091744,0.3501490483833983
chrY,19500000,0.012207702888583218,0.31927778400807444
chrY,19800000,0.01961301671064204,0.0218405988551299
chrY,20100000,0.019174434087882823,0.01988106860743765
chrY,20400000,0.01483291161329727,0.01384776171398711
chrY,20700000,0.026599947326836976,0.019692647464801694
chrY,21000000,0.026599947326836976,0.01868572861800853
chrY,21300000,0.020902281832433374,0.020393994619456738
chrY,21600000,0.019981916817359856,0.03593447243262286
chrY,21900000,0.01822202565236621,0.035278276481149014
chrY,22200000,0.04968589377498572,0.09393107654772796
chrY,22500000,0.04321788601656852,0.13077174980897283
chrY,22800000,0.041597491237779005,0.4759252382720634
chrY,23100000,0.14677876823338737,0.4652579725175007
chrY,23400000,0.3614373764391208,0.24154277095453566
chrY,23700000,0.22831414567422775,0.6518224573780129
chrY,24000000,0.3826396206533193,0.6570661095358902
chrY,24300000,0.42169968966340415,0.257595071170597
chrY,24600000,0.4292237442922374,0.16860406347922774
chrY,24900000,0.46164452243670095,0.078163536330867
chrY,25200000,0.4360054516169,0.18589874974379997
chrY,25500000,0.3826396206533193,0.3753270538984825
chrY,25800000,0.42169968966340415,0.46729559748427674
chrY,26100000,0.4292237442922374,0.07232035512808656
chrY,26400000,0.46164452243670095,0.12912883909600154
chrY,26700000,0.4360054516169,0.28925997941210113
chrY,27000000,0.2597812368531763,0.023316062176165803
chrY,27300000,0.03275445152780831,0.016299387143043423
chrY,27600000,0.053206997084548104,0.03246376811594203
chrY,27900000,0.19607843137254902,0.14502923976608187
chrY,28200000,0.19607843137254902,0.14509394572025053
chrY,28500000,0.19631901840490798,0.2046728971962617
chrY,28800000,0.06007067137809187,0.162291169451074
chrY,29100000,0.21005677210056772,0.20203735144312393
chrY,29400000,0.18723037100949094,0.14834205933682373
chrY,29700000,0.7885952712100139,0.15080789946140036
chrY,30000000,0.596745027124774,0.14317425083240842
chrY,30300000,0.7885952712100139,0.14794007490636704
chrY,30600000,0.596745027124774,0.15715823466092574
chrY,30900000,0.26749760306807285,0.19832826747720364
chrY,31200000,0.22164948453608246,0.14415322580645162
chrY,31500000,0.29766803840877915,0.14362850971922247
chrY,31800000,0.42584562012142235,0.17849758787043418
chrY,32100000,0.37623762376237624,0.15393654524089306
chrY,32400000,0.6650246305418719,0.13636363636363635
chrY,32700000,0.5769230769230769,0.15730337078651685
chrY,33000000,0.5522388059701493,0.22031366691560866
chrY,33300000,0.5522388059701493,0.18426501035196688
chrY,33600000,0.35985533453887886,0.14541387024608501
chrY,33900000,0.6650246305418719,0.14492753623188406
chrY,34200000,0.5372093023255814,0.14583333333333334
chrY,34500000,0.3771289537712895,0.16581892166836215
chrY,34800000,0.4852607709750567,0.04878048780487805
chrY,35100000,0.4852607709750567,0.051837888784165884
chrY,35400000,0.39323220536756126,0.052545155993431854
chrY,35700000,0.6287069988137604,0.22283464566929134
chrY,36000000,0.6595059076262084,0.2062937062937063
chrY,36300000,0.5973715651135006,0.18480814408770557
chrY,36600000,0.6045673076923077,0.16453794139744554
chrY,36900000,0.6259378349410504,0.2074659009332376
chrY,37200000,0.6538461538461539,0.15364354697102722
chrY,37500000,0.6874172185430464,0.22980392156862745
chrY,37800000,0.5769230769230769,0.16569767441860464
chrY,38100000,0.4808467741935484,0.19798136645962733
chrY,38400000,0.6243386243386243,0.1592128801431127
chrY,38700000,0.5947643979057592,0.21872601688411358
chrY,39000000,0.6511891279728199,0.2
chrY,39300000,0.6259378349410504,0.20907738095238096
chrY,39600000,0.4450474898236092,0.16366483946750196
chrY,39900000,0.4791418355184744,0.1954828660436137
chrY,40200000,0.6106194690265486,0.15083251714005877
chrY,40500000,0.5248933143669986,0.15851735015772872
chrY,40800000,0.60625,0.054294175715695954
chrY,41100000,0.31129476584022037,0.05575326215895611
chrY,41400000,0.726890756302521,0.1632928475033738
chrY,41700000,0.6295585412667947,0.1422271223814774
chrY,42000000,0.47876447876447875,0.14543269230769232
chrY,42300000,0.5238879736408567,0.1815217391304348
chrY,42600000,0.5094850948509485,0.05096011816838995
chrY,42900000,0.35046728971962615,0.05324298160696999
chrY,43200000,0.4738955823293173,0.1894273127753304
chrY,43500000,0.6243386243386243,0.13840155945419103
chrY,43800000,0.6595059076262084,0.20689655172413793
chrY,44100000,0.5973715651135006,0.21353383458646616
chrY,44400000,0.6045673076923077,0.1487964989059081
chrY,44700000,0.5955801104972376,0.21630094043887146
chrY,45000000,0.6538461538461539,0.15289982425307558
chrY,45300000,0.6874172185430464,0.22422258592471359
chrY,45600000,0.6106194690265486,0.152834008097166
chrY,45900000,0.5248933143669986,0.15416238437821173
chrY,46200000,0.60625,0.05363528009535161
chrY,46500000,0.726890756302521,0.15696887686062247
chrY,46800000,0.4495049504950495,0.14463840399002495
chrY,47100000,0.6295585412667947,0.1423841059602649
chrY,47400000,0.5238879736408567,0.14133900106269925
chrY,47700000,0.5094850948509485,0.15663801337153774
chrY,48000000,0.4276595744680851,0.22213622291021673
chrY,48300000,0.27384615384615385,0.15541165587419056
chrY,48600000,0.4188911704312115,0.1757443718228032
chrY,48900000,0.29766803840877915,0.14212152420185376
chrY,49200000,0.2998859749144812,0.1391304347826087
chrY,49500000,0.3504983388704319,0.054694621695533276
chrY,49800000,0.5715823466092572,0.20854826823876196
chrY,50100000,0.3507751937984496,0.15605381165919283
chrY,50400000,0.2838137472283814,0.05745721271393643
chrY,50700000,0.28454332552693207,0.1925619834710744
chrY,51000000,0.39104477611940297,0.161594963273872
chrY,51300000,0.5408805031446541,0.18831667947732514
chrY,51600000,0.47592067988668557,0.1558011049723757
chrY,51900000,0.6442953020134228,0.1643598615916955
chrY,52200000,0.8363095238095238,0.20237154150197628
chrY,52500000,0.46293706293706294,0.14775160599571735
chrY,52800000,0.5408805031446541,0.1451766953199618
chrY,53100000,0.5903919089759798,0.21816707218167072
chrY,53400000,0.6442953020134228,0.16150081566068517
chrY,53700000,0.8363095238095238,0.19952114924181963
chrY,54000000,0.46293706293706294,0.15789473684210525
chrY,54300000,0.2838137472283814,0.05240174672489083
chrY,54600000,0.28454332552693207,0.128125
chrY,54900000,0.2994652406417112,0.14568158168574402
chrY,55200000,0.37127659574468086,0.17107309486780714
chrY,55500000,0.4450474898236092,0.1554845580404686
chrY,55800000,0.4676180021953897,0.1569872958257713
chrY,56100000,0.5903919089759798,0.2211690363349131
chrY,56400000,0.43456162642947904,0.15347018572825025
chrY,56700000,0.3143507972665148,0.05405405405405406
chrY,57000000,0.6666666666666666,0.058240396530359353
chrY,57300000,0.553050397877984,0.20939183987682833
chrY,57600000,0.4117647058823529,0.1761487964989059
chrY,57900000,0.7799227799227799,0.05421686746987952
chrY,58200000,0.5462962962962963,0.05339805825242718
chrY,58500000,0.4814004376367615,0.20906994619523445
chrY,58800000,0.7799227799227799,0.056890012642225034
chrY,59100000,0.553050397877984,0.1829787234042553
chrY,59400000,0.39667128987517336,0.15643564356435644
chrY,59700000,0.4068767908309456,0.15009940357852883
chrY,60000000,0.22154471544715448,0.04833512352309345
chrY,60300000,0.2107843137254902,0.05092592592592592
chrY,60600000,0.3656927426955702,0.20256776034236804
chrY,60900000,0.21092278719397364,0.2183206106870229
chrY,61200000,0.20599250936329588,0.2195945945945946
chrY,61500000,0.18325434439178515,0.13315926892950392
chrY,61800000,0.08527994067482388,0.05561861520998865
chrY,62100000,0.018777292576419215,0.01869983240716239
chr20,0,0.020163138117496104,0.018361321276988373
chr20,300000,0.01763315760770769,0.01719465470516774
chr20,600000,0.015451341827053402,0.014740930355724248
chr20,900000,0.009394664539572809,0.009686764439616151
chr20,1200000,0.012065421396013942,0.011174159755565256
chr20,1500000,0.010949856609020597,0.010154950538387464
chr20,1800000,0.0073144301968575045,0.0073066962634110244
chr20,2100000,0.01488522238163558,0.015391459074733096
chr20,2400000,0.019424460431654675,0.01866618339978253
chr20,2700000,0.018389113644722323,0.018326320710612437
chr20,3000000,0.022021560858748734,0.022905698716172533
chr20,3300000,0.02241537053979872,0.021761180267404333
chr20,3600000,0.016581632653061226,0.016294227188081937
chr20,3900000,0.020837158068661647,0.02068204798235132
chr20,4200000,0.01576008645533141,0.01607921511627907
chr20,4500000,0.011806797853309481,0.010432061201425716
chr20,4800000,0.01901686401148188,0.019072119222922027
chr20,5100000,0.017924698252567105,0.01617440225035162
chr20,5400000,0.021026372059871703,0.019098000537971845
chr20,5700000,0.019831840614147323,0.01987891930965935
chr20,6000000,0.01692744075395736,0.015855457227138645
chr20,6300000,0.009544468546637744,0.010007147962830594
chr20,6600000,0.006365538890826648,0.006278887241649952
chr20,6900000,0.013885180240320427,0.014730979969460163
chr20,7200000,0.007395304841344914,0.008091589911336834
chr20,7500000,0.008602341255764456,0.00831396388342571
chr20,7800000,0.007915796798886569,0.008308764406325383
chr20,8100000,0.009087700723486854,0.010782391730529318
chr20,8400000,0.013592914145400333,0.014601171698963498
chr20,8700000,0.00830682219865677,0.0084692314622939
chr20,9000000,0.008728179551122194,0.00881704628949302
chr20,9300000,0.011103215491206254,0.010678010243944786
chr20,9600000,0.009818532480056106,0.010257317181006278
chr20,9900000,0.012192966955292454,0.011213955144179423
chr20,10200000,0.01336283185840708,0.01429190125595496
chr20,10500000,0.006854130052724078,0.007249003262051468
chr20,10800000,0.006223358908780904,0.006407481167200624
chr20,11100000,0.006672443674176776,0.006110680781478613
chr20,11400000,0.01501759203638548,0.013523923649747496
chr20,11700000,0.008429926238145416,0.008232274055058865
chr20,12000000,0.00944236593621949,0.010248112189859764
chr20,12300000,0.01861983762795623,0.02084600017371667
chr20,12600000,0.020698344132469404,0.019455252918287938
chr20,12900000,0.006280406899601946,0.005627155563623162
chr20,13200000,0.01154276854164872,0.01091252792576044
chr20,13500000,0.017087206728640992,0.016958229203855767
chr20,13800000,0.01497384088038968,0.015040286481647269
chr20,14100000,0.016638339744163164,0.015671773199506956
chr20,14400000,0.011143283320171974,0.01017101710171017
chr20,14700000,0.009157183499288762,0.009258442818093642
chr20,15000000,0.010171590306032196,0.010812696198116497
chr20,15300000,0.007955036748811067,0.008458730300062327
chr20,15600000,0.009049383780056881,0.009488987551144773
chr20,15900000,0.005325650427798149,0.005293806246691371
chr20,16200000,0.006809170832615066,0.006341045415595544
chr20,16500000,0.012399896667527771,0.01240474924685451
chr20,16800000,0.01249889974474078,0.01167766090212159
chr20,17100000,0.01304654442877292,0.012961296129612962
chr20,17400000,0.011898512685914261,0.012591177492184786
chr20,17700000,0.01247274313126908,0.01294665976178146
chr20,18000000,0.02059788552679548,0.020311381531853974
chr20,18300000,0.016652059596844872,0.016289198606271777
chr20,18600000,0.020621366279069766,0.01883859167809785
chr20,18900000,0.014733291914440401,0.01668004638301668
chr20,19200000,0.00971388202048746,0.009885118888592039
chr20,19500000,0.008002724331687383,0.008404848270370698
chr20,19800000,0.013963480128893663,0.014063792627998896
chr20,20100000,0.009940357852882704,0.009841443411700382
chr20,20400000,0.007167832167832168,0.006642132663136163
chr20,20700000,0.011810329631588226,0.012810029980921232
chr20,21000000,0.013519563076372101,0.011991472730502753
chr20,21300000,0.012788851649320868,0.012515533463518552
chr20,21600000,0.008528972126967379,0.008818635607321131
chr20,21900000,0.02074385451887051,0.02017131804365847
chr20,22200000,0.011915040580210671,0.009523013950380086
chr20,22500000,0.010112457501525587,0.009985860728172499
chr20,22800000,0.009020844280959887,0.00998697351280938
chr20,23100000,0.008829832833261895,0.009015256588072122
chr20,23400000,0.017786204405922715,0.016435003059708016
chr20,23700000,0.016271904486809166,0.014366984861633401
chr20,24000000,0.0055273245965944545,0.0059313031161473085
chr20,24300000,0.010133944307366936,0.009442446043165468
chr20,24600000,0.0086781206171108,0.009017770312085581
chr20,24900000,0.018150238818931828,0.016484931742079507
chr20,25200000,0.022389412617839013,0.021367911606246005
chr20,25500000,0.020254314259763852,0.020241802527935518
chr20,25800000,0.01258824530067194,0.08992172211350294
chr20,26100000,0.04816136114160263,0.03391572456320658
chr20,26400000,0.13882618510158012,0.04205128205128205
chr20,26700000,0.13882618510158012,0.0417940876656473
chr20,27000000,0.15578947368421053,0.03444564047362755
chr20,27300000,0.2619047619047619,0.03350083752093802
chr20,27600000,0.31756756756756754,0.022388059701492536
chr20,27900000,0.33986928104575165,0.024344569288389514
chr20,28200000,0.32941176470588235,0.023423423423423424
chr20,28500000,0.33986928104575165,0.025735294117647058
chr20,28800000,0.28695652173913044,0.032362459546925564
chr20,29100000,0.02299412915851272,0.015856236786469344
chr20,29400000,0.02299412915851272,0.1162046908315565
chr20,29700000,0.06334310850439882,0.06488718478100575
chr20,30000000,0.013723203874786977,0.012923633077270673
chr20,30300000,0.11311876529267834,0.09980017761989343
chr20,30600000,0.07564981249191775,0.06528735632183907
chr20,30900000,0.10382312298479963,0.11137931034482759
chr20,31200000,0.11311876529267834,0.09643390589992532
chr20,31500000,0.08458827298942646,0.10171802563403327
chr20,31800000,0.07236641221374046,0.06199460916442048
chr20,32100000,0.1744815148782687,0.003058994901675164
chr20,32400000,0.1744815148782687,0.0024418270611893133
chr20,32700000,0.10268523122824466,0.007280711891829423
chr20,33000000,0.021750805585392052,0.02046943231441048
chr20,33300000,0.01949732027351691,0.019984845614699754
chr20,33600000,0.016220156734098778,0.016152582588063517
chr20,33900000,0.020944332169759324,0.02082944143470951
chr20,34200000,0.019846764515831256,0.018634669575493135
chr20,34500000,0.013332132240338709,0.013223140495867768
chr20,34800000,0.015866020273248127,0.015710503089143867
chr20,35100000,0.02478326422917452,0.02562903376671967
chr20,35400000,0.020233606180446978,0.018463478339187607
chr20,35700000,0.018240146654445462,0.0169615843036582
chr20,36000000,0.021745216985534298,0.022604651162790697
chr20,36300000,0.02271897810218978,0.022044986109866476
chr20,36600000,0.017530977512620467,0.01858736059479554
chr20,36900000,0.02049328980776206,0.01969937447483895
chr20,37200000,0.022218124827141146,0.020935736391771344
chr20,37500000,0.02478326422917452,0.02215586167035931
chr20,37800000,0.015044408192858438,0.014753642015403173
chr20,38100000,0.022139879573876795,0.021681499715962886
chr20,38400000,0.024224002947407203,0.02546705084115624
chr20,38700000,0.02399338113623828,0.02495935736827006
chr20,39000000,0.012862033866938096,0.01322376499480495
chr20,39300000,0.010596866225885336,0.010602678571428572
chr20,39600000,0.01287172658677319,0.012906601552280458
chr20,39900000,0.01765241128298453,0.017308918648082355
chr20,40200000,0.01229802513464991,0.013545816733067729
chr20,40500000,0.015461121157323688,0.015528531337698784
chr20,40800000,0.007681314755269739,0.007564841498559078
chr20,41100000,0.0168873877877522,0.01520980585130178
chr20,41400000,0.014953105645018581,0.014173649491888037
chr20,41700000,0.008386103029265788,0.008541740049313138
chr20,42000000,0.007448630136986301,0.006805688857865806
chr20,42300000,0.012864268836965082,0.01163200563976031
chr20,42600000,0.013719649787886994,0.012178496773607198
chr20,42900000,0.01615798922800718,0.015106007067137809
chr20,43200000,0.014875154949530725,0.014805194805194806
chr20,43500000,0.007885876306928939,0.008251861153466678
chr20,43800000,0.013035870516185476,0.011181546046839233
chr20,44100000,0.012823938017632914,0.01402499325721478
chr20,44400000,0.009087761814090359,0.009464808122526243
chr20,44700000,0.009175121305690339,0.007842791681353543
chr20,45000000,0.0199783041041403,0.018570778334091945
chr20,45300000,0.027605945896039145,0.025174175568973525
chr20,45600000,0.011412268188302425,0.01046043808672329
chr20,45900000,0.01640091116173121,0.01614107109535361
chr20,46200000,0.01677186654643823,0.015398801290917474
chr20,46500000,0.01400359066427289,0.014903403863845446
chr20,46800000,0.012154306852210675,0.01144733339249268
chr20,47100000,0.01761714493280058,0.01698399928488424
chr20,47400000,0.023072031973839585,0.023083264633140973
chr20,47700000,0.011310828583954406,0.011803928635790233
chr20,48000000,0.008436983560928937,0.008449438202247191
chr20,48300000,0.010885082084225553,0.010643015521064302
chr20,48600000,0.011935744413533159,0.012337662337662338
chr20,48900000,0.024376679951802763,0.023529411764705882
chr20,49200000,0.01932143847647222,0.01867868973132131
chr20,49500000,0.022157816005983544,0.039647577092511016
chr20,49800000,0.008830022075055188,0.011385029134917077
chr20,50100000,0.022157816005983544,0.03702311595564743
chr20,50400000,0.014005602240896359,0.013693693693693694
chr20,50700000,0.023140341015551808,0.02211161098880061
chr20,51000000,0.01502126504388743,0.015721555797891675
chr20,51300000,0.019549008910711037,0.0190527545609778
chr20,51600000,0.02040816326530612,0.01970710540589405
chr20,51900000,0.014134597847893489,0.014048059149722736
chr20,52200000,0.020047601611131453,0.019833824711873494
chr20,52500000,0.018867924528301886,0.018475962864233846
chr20,52800000,0.011189316007940805,0.01029894276339774
chr20,53100000,0.0114840202973382,0.010786360473208072
chr20,53400000,0.024091919940696812,0.023682200152788387
chr20,53700000,0.023455536060578076,0.021561550151975684
chr20,54000000,0.008263743910925539,0.0077933846850928865
chr20,54300000,0.010990959049813863,0.010306599688203707
chr20,54600000,0.007447468747229364,0.007294724668623788
chr20,54900000,0.010455764075067025,0.010505870927871457
chr20,55200000,0.027605945896039145,0.02441902687000726
chr20,55500000,0.01712864904687356,0.01656412683388547
chr20,55800000,0.0129618199453311,0.013051422605063952
chr20,56100000,0.010746910263299301,0.011660489921359487
chr20,56400000,0.01865200937105785,0.017516790706117263
chr20,56700000,0.013588187335809403,0.013612278457884158
chr20,57000000,0.01032487761459724,0.011555085119520156
chr20,57300000,0.009918684657313912,0.008989352417524873
chr20,57600000,0.021110312612288896,0.019635717458907152
chr20,57900000,0.014637157217176617,0.01353931609095643
chr20,58200000,0.020814061054579093,0.021196063588190765
chr20,58500000,0.014867192457619437,0.014569907537125245
chr20,58800000,0.009029143572322547,0.008600969896605361
chr20,59100000,0.008180858550316679,0.008772723161797957
chr20,59400000,0.005258084304618351,0.0053490003507541215
chr20,59700000,0.007342015558080587,0.00718132854578097
chr20,60000000,0.011562224183583407,0.012407602956705385
chr20,60300000,0.00867717372055959,0.009142753688784285
chr20,60600000,0.011978704525288377,0.012122308666546046
chr20,60900000,0.0059544969783149665,0.005999820900868631
chr20,61200000,0.012247119658895038,0.013186813186813187
chr20,61500000,0.007371433527014136,0.0077592895939305115
chr20,61800000,0.006203263086335826,0.006047132058692752
chr20,62100000,0.007624789431687207,0.0070586132952108645
chr20,62400000,0.00992045759227813,0.010642135642135642
chr20,62700000,0.006838222062263811,0.006649057291192276
chr20,63000000,0.006128974951145852,0.005771108940779543
chr20,63300000,0.007568423831734577,0.00692071835304424
chr20,63600000,0.010539367637941723,0.01009825327510917
chr20,63900000,0.012972972972972972,0.013650062045736572
chr20,64200000,0.0029619304817492813,0.0031136481577581734
chr20,64500000,0.010473062927132333,0.010283240122677251
chr20,64800000,0.007973903588256614,0.00788863109048724
chr20,65100000,0.008205590622182147,0.008575555154359992
chr20,65400000,0.019704433497536946,0.01969783897494741
chr20,65700000,0.013745074681572437,0.01288855193328279
