model,auroc,sd
GC only,0.46608,0.051194277457978075
GC + H1,0.5029333333333333,0.06032940687039225
GC + H1 + R_shuffle,0.5768533333333334,0.0674556829003721
GC + H1 + evo2,0.4740266666666667,0.05082462395335555
GC + H1 + R + evo2,0.5470933333333333,0.061869793024454896
all complexity,0.5473066666666667,0.0793770590984014
[single] evo2_bpb,0.5043413333333333,0.0
[single] R_shuffle,0.5538240000000001,0.0
[single] bz2_bpb,0.5011946666666667,0.0
[single] H1,0.5323306666666667,0.0
[single] gc,0.5110933333333334,0.0
