start,end,n_acgt,gc,H1,H3,H11,lz_norm,gzip_bpb,bz2_bpb,R_uniform,R_shuffle,evo2_bpb,accessibility,censat_raw,censat_class
9000000,9002000,2000,0.425,1.7164955742548158,4.46437750415696,9.299405736945124,0.4962017388809594,1.592,1.564,0.0,0.0,0.838732,1.7318176221847534,"hsat3_21_14(A4,A1)",hsat
9008000,9010000,2000,0.425,1.766580436473112,4.539923222575878,9.469289957346422,0.5071675231656215,1.688,1.532,0.0,0.0,0.833791,1.1333329010009765,"hsat3_21_14(A4,A1)",hsat
9016000,9018000,2000,0.416,1.7907759682628444,4.578968087398667,9.543661167414363,0.5236161995926146,1.716,1.668,0.0,0.0,0.894621,0.5533335971832275,"hsat3_21_14(A4,A1)",hsat
9024000,9026000,2000,0.302,1.882910401987809,5.56297141787124,10.95252256467714,0.9238673259827808,2.672,2.428,0.0,0.05,1.735531,0.4833328585624695,ct_21_56,non_satellite
9032000,9034000,2000,0.3225,1.9061369258220355,5.613409178514728,10.955537640054024,0.9238673259827808,2.664,2.428,0.0,0.35,1.772198,1.6888872299194335,ct_21_56,non_satellite
9040000,9042000,2000,0.353,1.9267825713801283,5.67592377758145,10.91095943766436,0.9293502181251118,2.628,2.44,0.0,0.0,1.611065,2.180909161567688,ct_21_56,non_satellite
9048000,9050000,2000,0.3805,1.958363890044269,5.764520290799519,10.93335725538698,0.9540232327656016,2.708,2.46,0.0,0.0,1.49349,0.0,ct_21_56,non_satellite
9056000,9058000,2000,0.3295,1.9116755399995975,5.648532381540806,10.953527589802766,0.9266087720539464,2.668,2.484,0.0,0.075,1.847621,1.1153849291801452,ct_21_56,non_satellite
9064000,9066000,2000,0.314,1.8974808841490989,5.598568233431393,10.958552715430908,0.904677203484622,2.632,2.452,0.0,1.0,1.676538,0.0,ct_21_56,non_satellite
9072000,9074000,2000,0.321,1.9025532675544377,5.629376485955005,10.940082922716252,0.9238673259827808,2.64,2.456,0.0,0.0,1.861418,14.304542346954346,ct_21_56,non_satellite
9080000,9082000,2000,0.409,1.9759331905054256,5.823723771414036,10.8833951662805,0.9074186495557875,2.64,2.476,0.0,0.0,1.294821,0.0,ct_21_56,non_satellite
9088000,9090000,2000,0.305,1.8499807573358724,5.476353522315348,10.95252256467714,0.9156429877692842,2.628,2.36,0.0,0.3,1.361885,0.0,ct_21_56,non_satellite
9096000,9098000,2000,0.5505,1.9760907237301413,5.76687149190266,10.95252256467714,0.9348331102674428,2.656,2.444,0.0,0.025,1.722355,0.9416663074493408,ct_21_56,non_satellite
9104000,9106000,2000,0.405,1.9607862623135368,5.73923989180143,10.804939315691705,0.89371141919996,2.576,2.432,0.0,0.0,1.096939,0.5595240511894226,ct_21_56,non_satellite
9112000,9114000,2000,0.4215,1.9724189932634677,5.786632746544001,10.84769466264318,0.8909699731287946,2.552,2.432,0.0,0.0,1.275417,1.9302817950248718,ct_21_56,non_satellite
9120000,9122000,2000,0.365,1.9366617973698927,5.681331733044581,10.874204656362853,0.8909699731287946,2.596,2.464,0.0,0.0,1.38229,1.1570592308044434,ct_21_56,non_satellite
9128000,9130000,2000,0.3645,1.9427798268123304,5.7179672727710775,10.946985102361232,0.9211258799116152,2.664,2.48,0.0,0.0,1.563812,1.103846464395523,ct_21_56,non_satellite
9136000,9138000,2000,0.4915,1.9987861441605723,5.8183716445138565,10.95754769030528,0.945798894552105,2.716,2.488,0.0,0.625,1.81546,0.5783332824707031,ct_21_56,non_satellite
9144000,9146000,2000,0.468,1.9943906233623656,5.789016505868854,10.902763996833595,0.8690384045594703,2.48,2.364,0.0,0.0,1.533791,2.577272973060608,censat_21_43(rnd-1_family-0),other_sat
9152000,9154000,2000,0.415,1.9549268185041635,5.677664690695364,10.851089078473422,0.8800041888441325,2.56,2.368,0.0,0.0,1.531098,3.8274985756874083,ct_21_57,non_satellite
9160000,9162000,2000,0.5175,1.9968145149940364,5.841293379670648,10.817622147407748,0.8854870809864634,2.528,2.424,0.0,0.0,0.807287,3.6209721512794495,ct_21_58,non_satellite
9168000,9170000,2000,0.448,1.989751471118488,5.775910358284152,10.958552715430908,0.940316002409774,2.696,2.476,0.0,1.0,0.886332,1.1444433202743531,ct_21_58,non_satellite
9176000,9178000,2000,0.364,1.8871922521072897,5.545547142485301,10.93440510346859,0.9183844338404498,2.64,2.4,0.0,0.0,0.70539,0.49999950885772704,ct_21_58,non_satellite
9184000,9186000,2000,0.37,1.9506230738160564,5.757751971840515,10.954532614928397,0.951281786694436,2.684,2.436,0.0,0.075,1.616584,0.6908333826065064,ct_21_58,non_satellite
9192000,9194000,2000,0.3995,1.969626662048198,5.797053783706956,10.954532614928397,0.9430574484809394,2.712,2.484,0.0,0.05,1.893171,0.9623813781738281,ct_21_58,non_satellite
9200000,9202000,2000,0.436,1.9795315079672389,5.82207219382093,10.955537640054024,0.962247570979098,2.688,2.476,0.0,0.075,1.84589,0.0,ct_21_58,non_satellite
9208000,9210000,2000,0.372,1.949114181058192,5.733843653530613,10.955537640054022,0.951281786694436,2.672,2.404,0.0,0.2,1.89841,1.1611099705696106,ct_21_58,non_satellite
9216000,9218000,2000,0.349,1.9243342312443037,5.676101874658705,10.949507489300254,0.9320916641962772,2.68,2.468,0.0,0.0,1.659214,0.0,ct_21_58,non_satellite
9224000,9226000,2000,0.4685,1.9959969908059152,5.8737928815412905,10.894324807125336,0.9348331102674428,2.608,2.428,0.0,0.0,1.328198,1.0125,ct_21_58,non_satellite
9232000,9234000,2000,0.423,1.9821406224406828,5.7924639885506215,10.902971842155726,0.9430574484809394,2.684,2.412,0.0,0.0,1.561746,0.8901102094650268,ct_21_58,non_satellite
9240000,9242000,2000,0.461,1.9828631473449283,5.791187603398022,10.568085069791287,0.8388824977766496,2.42,2.292,0.0,0.0,1.563208,0.9107135925292968,ct_21_58,non_satellite
9248000,9250000,2000,0.421,1.9808018081070071,5.834570191869486,10.877352727974165,0.9129015416981188,2.576,2.424,0.0,0.0,1.140756,5.825,ct_21_58,non_satellite
9256000,9258000,2000,0.415,1.978884695813857,5.802185459048035,10.958552715430908,0.951281786694436,2.712,2.488,0.0,1.0,1.907581,0.8214277410507203,ct_21_58,non_satellite
9264000,9266000,2000,0.487,1.9327950284540705,5.549413273321904,9.214707672674669,0.5921523513717527,1.768,1.776,0.0,0.0,1.025331,1.4155675823688507,ct_21_58,non_satellite
9272000,9274000,2000,0.4395,1.9751791758109292,5.823581957909225,10.907902470446247,0.9101600956269532,2.624,2.42,0.0,0.0,1.658669,1.2499995231628418,ct_21_58,non_satellite
9280000,9282000,2000,0.397,1.963312905054256,5.7320798278080165,10.933294091055789,0.9348331102674428,2.628,2.416,0.0,0.0,1.434309,0.39615379190444944,ct_21_58,non_satellite
9288000,9290000,2000,0.449,1.992248283609965,5.829113029190905,10.920024557409269,0.9211258799116152,2.696,2.492,0.0,0.0,1.325259,3.7040879802703857,ct_21_58,non_satellite
9296000,9298000,2000,0.356,1.9383197288394507,5.737623601930393,10.953527589802766,0.940316002409774,2.672,2.452,0.0,0.05,1.715961,0.932142260313034,ct_21_58,non_satellite
9304000,9306000,2000,0.459,1.9940732425658323,5.809131260200741,10.909306484275149,0.9293502181251118,2.648,2.436,0.0,0.0,1.751052,0.0,ct_21_58,non_satellite
9312000,9314000,2000,0.429,1.9823525563304587,5.784280243866117,10.95051251442588,0.945798894552105,2.632,2.432,0.0,0.0,1.73378,0.0,ct_21_58,non_satellite
9320000,9322000,2000,0.407,1.9742582855039008,5.817212527687175,10.953527589802766,0.956764678836767,2.712,2.48,0.0,0.05,1.412194,1.0181819152832032,ct_21_58,non_satellite
9328000,9330000,2000,0.3735,1.9295957173029383,5.682741327102328,10.95654266517965,0.940316002409774,2.696,2.476,0.0,0.5,1.781041,1.741464515209198,ct_21_58,non_satellite
9336000,9338000,2000,0.4865,1.998226792219669,5.842776139230529,10.95654266517965,0.956764678836767,2.72,2.492,0.0,0.175,1.567431,2.4800045490264893,ct_21_58,non_satellite
9344000,9346000,2000,0.402,1.9720785865475248,5.809927072377333,10.952143224223793,0.9375745563386084,2.704,2.416,0.0,0.0,1.736396,1.5625,ct_21_58,non_satellite
9352000,9354000,2000,0.436,1.9802409888704504,5.814319095917475,10.949128148846906,0.9485403406232704,2.712,2.476,0.0,0.0,1.687201,0.0,ct_21_58,non_satellite
9360000,9362000,2000,0.379,1.956049993072099,5.772927840008523,10.874558150278558,0.945798894552105,2.656,2.464,0.0,0.0,1.523067,3.600004898071289,ct_21_58,non_satellite
9368000,9370000,2000,0.4155,1.9766994221211345,5.829698266067871,10.95754769030528,0.9540232327656016,2.696,2.488,0.0,0.475,1.741087,0.0,ct_21_58,non_satellite
9376000,9378000,2000,0.59,1.9617099296669336,5.739532918888132,10.844226195328242,0.8608140663459738,2.556,2.396,0.0,0.0,1.700238,4.770830345153809,censat_21_45(SST1_Composite),other_sat
9384000,9386000,2000,0.5995,1.964791414721065,5.776978429005478,10.632165893820709,0.7785706842110082,2.332,2.356,0.0,0.0,1.464451,0.0,censat_21_45(SST1_Composite),other_sat
9392000,9394000,2000,0.617,1.956678270851878,5.755707364284122,10.642216145076988,0.7922779145668357,2.34,2.348,0.0,0.0,1.462152,1.3571426477432251,censat_21_45(SST1_Composite),other_sat
9400000,9402000,2000,0.5985,1.9603398064337776,5.7453767112249094,10.490211006888217,0.751156223499353,2.132,2.312,0.0,0.0,1.393562,0.6,censat_21_45(SST1_Composite),other_sat
9408000,9410000,2000,0.604,1.962178590139393,5.772130536396802,10.566768049875954,0.7703463459975115,2.292,2.348,0.0,0.0,1.444551,0.0,censat_21_45(SST1_Composite),other_sat
9416000,9418000,2000,0.6165,1.958502290029787,5.761663709719626,10.601010114926238,0.7922779145668357,2.3,2.336,0.0,0.0,1.450193,0.8774797973632813,censat_21_45(SST1_Composite),other_sat
9424000,9426000,2000,0.594,1.963765016930264,5.757403812781482,10.71209770438878,0.8416239438478151,2.464,2.364,0.0,0.0,1.504791,1.3357129354476929,censat_21_45(SST1_Composite),other_sat
9432000,9434000,2000,0.5885,1.9699066529730545,5.791713072225051,10.496241157641975,0.756639115641684,2.184,2.3,0.0,0.0,1.403697,0.0,censat_21_45(SST1_Composite),other_sat
9440000,9442000,2000,0.6195,1.957241684056168,5.75739514586818,10.498251207893231,0.7292246549300287,2.176,2.316,0.0,0.0,1.392338,0.0,censat_21_45(SST1_Composite),other_sat
9448000,9450000,2000,0.5975,1.962198803455058,5.7367381501954915,10.687561243695306,0.8224338213496565,2.424,2.352,0.0,0.0,1.487688,2.125,censat_21_45(SST1_Composite),other_sat
9456000,9458000,2000,0.3595,1.9382739924461776,5.703495547472107,10.95252256467714,0.9348331102674428,2.656,2.468,0.0,0.05,1.429669,0.0,ct_21_59,non_satellite
9464000,9466000,2000,0.467,1.992084865795118,5.800129118678485,10.954532614928391,0.9649890170502636,2.72,2.484,0.0,0.05,1.609225,1.25,ct_21_59,non_satellite
9472000,9474000,2000,0.365,1.926201659573223,5.6581452345436345,10.958552715430908,0.9293502181251118,2.616,2.436,0.0,1.0,0.647383,1.9807687666416167,ct_21_59,non_satellite
9480000,9482000,2000,0.27,1.838240188657132,5.4420757645409505,10.955537640054022,0.8991943113422911,2.636,2.396,0.0,0.725,1.671034,1.0528843233585357,ct_21_59,non_satellite
9488000,9490000,2000,0.417,1.9721135619905712,5.750658541295646,10.92516650342199,0.9348331102674428,2.66,2.428,0.0,0.0,0.929335,0.5624997854232788,ct_21_59,non_satellite
9496000,9498000,2000,0.4775,1.9973676333537471,5.791199889192239,10.953527589802766,0.951281786694436,2.732,2.456,0.0,0.075,1.348796,2.160415373325348,ct_21_59,non_satellite
9504000,9506000,2000,0.3265,1.9104263786132565,5.646054071461457,10.958552715430908,0.940316002409774,2.672,2.436,0.0,1.0,1.75322,1.37,ct_21_59,non_satellite
9512000,9514000,2000,0.265,1.8317602458726223,5.407885748731435,10.95252256467714,0.8909699731287946,2.54,2.404,0.0,0.5,1.812686,0.0,ct_21_59,non_satellite
9520000,9522000,2000,0.3555,1.9338014729203592,5.683296021602728,10.928218781774325,0.9183844338404498,2.64,2.448,0.0,0.0,1.579754,0.0,ct_21_59,non_satellite
9528000,9530000,2000,0.335,1.8963310819126056,5.573492301135688,10.949507489300258,0.9074186495557875,2.624,2.456,0.0,0.0,1.449617,0.9166685199737549,ct_21_59,non_satellite
9536000,9538000,2000,0.2965,1.8566259130338123,5.492984277546573,10.915378772234478,0.8690384045594703,2.568,2.384,0.0,0.0,1.50673,2.8950000905990603,ct_21_59,non_satellite
9544000,9546000,2000,0.3045,1.883024853223611,5.561081531932478,10.94209297296751,0.904677203484622,2.668,2.452,0.0,0.0,1.78838,1.8821435930728911,ct_21_59,non_satellite
9552000,9554000,2000,0.332,1.9137735368641484,5.641473946503947,10.9467387581423,0.9266087720539464,2.64,2.448,0.0,0.0,1.481375,2.02956813120842,ct_21_59,non_satellite
9560000,9562000,2000,0.3585,1.939831574801572,5.665282071836287,10.949507489300258,0.9375745563386084,2.66,2.472,0.0,0.0,1.37818,0.47,ct_21_59,non_satellite
9568000,9570000,2000,0.315,1.8411270719754136,5.424099697913824,10.94233931718644,0.8991943113422911,2.592,2.384,0.0,0.0,0.862916,0.29,ct_21_59,non_satellite
9576000,9578000,2000,0.324,1.894986411481804,5.587271052525166,10.93248522649577,0.9156429877692842,2.66,2.46,0.0,0.0,1.557735,1.1025645561218262,ct_21_59,non_satellite
9584000,9586000,2000,0.4105,1.9766632429724855,5.774094176018679,10.950133173972535,0.945798894552105,2.688,2.436,0.0,0.0,1.349451,0.7708330392837525,ct_21_59,non_satellite
9592000,9594000,2000,0.4115,1.9741301350359908,5.7753314855823685,10.958552715430908,0.956764678836767,2.688,2.456,0.0,1.0,1.309452,1.156667218208313,ct_21_59,non_satellite
9600000,9602000,2000,0.344,1.9147356780360287,5.650772782408163,10.95151753955151,0.9211258799116152,2.64,2.452,0.0,0.025,1.785545,0.5561682901382446,ct_21_59,non_satellite
9608000,9610000,2000,0.317,1.898800546930031,5.598773826533065,10.955537640054022,0.9183844338404498,2.64,2.448,0.0,0.325,1.782062,1.6225641887187958,ct_21_59,non_satellite
9616000,9618000,2000,0.364,1.9422635300313331,5.721647952410603,10.91036662728421,0.951281786694436,2.692,2.44,0.0,0.0,1.425848,0.0,ct_21_59,non_satellite
9624000,9626000,2000,0.295,1.8704706670443212,5.536252167635736,10.955537640054024,0.8964528652711256,2.612,2.404,0.0,0.425,1.772631,2.006277607679367,ct_21_59,non_satellite
9632000,9634000,2000,0.3215,1.9026609508548116,5.606158339970196,10.95151753955151,0.9101600956269532,2.652,2.468,0.0,0.05,1.646957,7.318418905258179,ct_21_59,non_satellite
9640000,9642000,2000,0.295,1.866846621016523,5.514730419582863,10.936884667451633,0.9183844338404498,2.6,2.428,0.0,0.0,1.578352,0.8669051063060761,ct_21_59,non_satellite
9648000,9650000,2000,0.293,1.8725558954468644,5.53643625669441,10.95151753955151,0.904677203484622,2.628,2.424,0.0,0.1,1.832316,0.6165790944099426,ct_21_59,non_satellite
9656000,9658000,2000,0.346,1.929741532797685,5.706132798663134,10.896241157641986,0.8827456349152979,2.544,2.404,0.0,0.0,1.380232,0.2647057485580444,ct_21_59,non_satellite
9664000,9666000,2000,0.335,1.91641625212246,5.6303620527572305,10.7527890543389,0.8800041888441325,2.592,2.36,0.0,0.0,1.436662,1.4120622231960296,ct_21_59,non_satellite
9672000,9674000,2000,0.297,1.8770990366062217,5.56187854526669,10.95654266517965,0.9266087720539464,2.672,2.468,0.0,0.625,1.852271,1.9689770708084107,ct_21_59,non_satellite
9680000,9682000,2000,0.3165,1.899358490390923,5.630532358823816,10.94108794784188,0.9266087720539464,2.68,2.444,0.0,0.0,1.665133,0.278125,ct_21_59,non_satellite
9688000,9690000,2000,0.3105,1.8822803753626864,5.565028696030967,10.88890278631828,0.8964528652711256,2.628,2.48,0.0,0.0,1.400623,2.5390806097984315,ct_21_59,non_satellite
9696000,9698000,2000,0.318,1.9014387073812935,5.611628242510296,10.95754769030528,0.9238673259827808,2.668,2.484,0.0,0.7,1.609901,0.0,ct_21_59,non_satellite
9704000,9706000,2000,0.3085,1.8895429125704413,5.583315852810937,10.954532614928397,0.9074186495557875,2.628,2.468,0.0,0.35,1.703191,1.4056248807907104,ct_21_59,non_satellite
9712000,9714000,2000,0.3455,1.9076575306313608,5.624250680147426,10.823441063393688,0.9019357574134566,2.636,2.396,0.0,0.0,1.230708,0.3522723913192749,ct_21_59,non_satellite
9720000,9722000,2000,0.354,1.904490600189007,5.612702234309375,10.91594267145128,0.904677203484622,2.604,2.38,0.0,0.0,1.153161,0.8776667747497559,ct_21_59,non_satellite
9728000,9730000,2000,0.28,1.850954276623061,5.4804193200880595,10.913326584777638,0.8717798506306359,2.54,2.388,0.0,0.0,1.624135,7.0920926837921145,ct_21_59,non_satellite
9736000,9738000,2000,0.619,1.9343215344754088,5.546377372856323,10.198536853958243,0.6524641649373941,2.02,1.98,0.0,0.0,0.827339,1.9359512882232666,gsat_21_7(GSATII/TAR1),gsat
9744000,9746000,2000,0.549,1.9819487704516912,5.535149297378057,10.762551434341626,0.7867950224245047,2.4,2.16,0.0,0.0,1.247636,0.0,censat_21_47(rnd-1_family-0),other_sat
9752000,9754000,2000,0.3865,1.9559599301167432,5.756840552740828,10.95151753955151,0.9430574484809394,2.724,2.464,0.0,0.0,1.572546,2.1856540124416353,ct_21_60,non_satellite
9760000,9762000,2000,0.491,1.9992387499702,5.785738189346358,10.95654266517965,0.9595061249079324,2.684,2.444,0.0,0.275,1.696159,1.6576919128894807,ct_21_60,non_satellite
9768000,9770000,2000,0.46,1.9913648192899611,5.7804342789510565,10.927889624974302,0.940316002409774,2.648,2.448,0.0,0.0,0.976257,0.27916656017303465,ct_21_60,non_satellite
9776000,9778000,2000,0.343,1.9222683675302648,5.670984766405489,10.95754769030528,0.9348331102674428,2.68,2.48,0.0,0.7,1.174065,0.0,ct_21_60,non_satellite
9784000,9786000,2000,0.34,1.9219353544281592,5.624751425474231,10.779896095478003,0.8717798506306359,2.544,2.376,0.0,0.0,1.414378,0.0,ct_21_60,non_satellite
9792000,9794000,2000,0.4355,1.9825548510927984,5.825626996865738,10.95654266517965,0.9540232327656016,2.672,2.476,0.0,0.35,0.93049,8.314038353919983,ct_21_60,non_satellite
9800000,9802000,2000,0.313,1.8957885736105875,5.544672993974907,10.731174912401512,0.8525897281324772,2.5,2.328,0.0,0.0,1.535738,1.344443123817444,ct_21_60,non_satellite
9808000,9810000,2000,0.4115,1.963115750356425,5.780301973878659,10.955537640054024,0.9430574484809394,2.692,2.48,0.0,0.175,1.497178,0.92,ct_21_60,non_satellite
9816000,9818000,2000,0.3195,1.8646004467498665,5.522051091075073,10.947497439049,0.9101600956269532,2.62,2.436,0.0,0.05,1.200773,2.714282970428467,ct_21_60,non_satellite
9824000,9826000,2000,0.4335,1.977237508336841,5.743511158340792,10.953527589802768,0.945798894552105,2.652,2.444,0.0,0.05,0.773979,15.594990892410278,ct_21_60,non_satellite
9832000,9834000,2000,0.3365,1.9144505443783504,5.631043982248851,10.948502464174627,0.9101600956269532,2.576,2.428,0.0,0.0,0.820369,1.7166701374053954,ct_21_60,non_satellite
9840000,9842000,2000,0.383,1.959966182503836,5.753243954474915,10.95754769030528,0.9540232327656016,2.656,2.428,0.0,0.525,1.843183,1.05,ct_21_60,non_satellite
9848000,9850000,2000,0.3605,1.905785611069417,5.591319318009814,10.91031150940078,0.9074186495557875,2.624,2.432,0.0,0.0,0.96834,3.166665729522705,ct_21_60,non_satellite
9856000,9858000,2000,0.3985,1.9672482769213648,5.756081267318431,10.912321559652032,0.9266087720539464,2.64,2.464,0.0,0.0,0.912065,0.0,ct_21_61,non_satellite
9864000,9866000,2000,0.406,1.9743396382550733,5.79791811878019,10.941713632514166,0.9348331102674428,2.684,2.488,0.0,0.0,1.539402,3.2920602135658266,ct_21_61,non_satellite
9872000,9874000,2000,0.346,1.877742906383148,5.537093595152054,10.954532614928397,0.9101600956269532,2.66,2.38,0.0,0.375,0.798677,0.0733333683013916,ct_21_61,non_satellite
9880000,9882000,2000,0.366,1.9220116200756632,5.662253163782603,10.928401961662074,0.9101600956269532,2.608,2.42,0.0,0.0,1.065992,0.8075,ct_21_61,non_satellite
9888000,9890000,2000,0.4135,1.9781787500192485,5.817746403491805,10.95654266517965,0.9430574484809394,2.668,2.484,0.0,0.225,1.597778,0.5339184575080872,ct_21_61,non_satellite
9896000,9898000,2000,0.313,1.8962247434925303,5.5925944363622575,10.95151753955151,0.9320916641962772,2.676,2.428,0.0,0.075,1.596306,0.5080412185192108,ct_21_61,non_satellite
9904000,9906000,2000,0.3345,1.9006407358114252,5.620837234432613,10.8761406551294,0.9238673259827808,2.62,2.42,0.0,0.0,1.333743,0.49347829818725586,ct_21_61,non_satellite
9912000,9914000,2000,0.385,1.9469246926700163,5.724964182422964,10.936442162667092,0.9430574484809394,2.684,2.444,0.0,0.0,1.115753,0.540625,ct_21_61,non_satellite
9920000,9922000,2000,0.286,1.8075420286223336,5.363747208342439,10.953527589802768,0.8745212967018013,2.576,2.42,0.0,0.75,1.117604,0.0,ct_21_61,non_satellite
9928000,9930000,2000,0.4085,1.9726925719417467,5.78537536048492,10.95754769030528,0.9649890170502636,2.712,2.456,0.0,0.5,1.525283,0.5153847603797913,ct_21_61,non_satellite
9936000,9938000,2000,0.362,1.9396621437876167,5.703541885127986,10.95654266517965,0.9293502181251118,2.668,2.432,0.0,0.375,1.470563,0.9560897612571716,ct_21_61,non_satellite
9944000,9946000,2000,0.4075,1.8554843526970335,5.328816351132534,10.26917798745517,0.7950193606380013,2.348,2.164,0.0,0.0,1.205382,2.6750054082870482,ct_21_61,non_satellite
9952000,9954000,2000,0.387,1.9590667752362212,5.737358755367964,10.958552715430908,0.945798894552105,2.696,2.468,0.0,1.0,1.422916,0.0,ct_21_61,non_satellite
9960000,9962000,2000,0.4125,1.97575534728998,5.82393147228838,10.847448318424243,0.9101600956269532,2.636,2.416,0.0,0.0,1.793531,5.30625,ct_21_61,non_satellite
9968000,9970000,2000,0.366,1.8832355088759527,5.53837824928307,10.95252256467714,0.9129015416981188,2.632,2.4,0.0,0.125,0.394722,0.6368181896209717,ct_21_61,non_satellite
9976000,9978000,2000,0.344,1.8885885644677105,5.565149667866489,10.95176388377044,0.9183844338404498,2.62,2.416,0.0,0.1,1.001002,1.3954537725448608,ct_21_61,non_satellite
9984000,9986000,2000,0.37,1.9446889413484176,5.636398294563172,10.325496779018437,0.6908444099337114,2.124,2.088,0.0,0.0,0.770211,2.615,mon_21_7,alpha_mono
9992000,9994000,2000,0.3575,1.9399508310478335,5.5304701056390755,10.11075408592346,0.5948937974429181,1.912,1.936,0.0,0.0,0.817454,1.2554546070098878,mon_21_7,alpha_mono
10000000,10002000,2000,0.3595,1.940243393318106,5.519009175134972,10.126391462774054,0.5702207828024285,1.82,1.888,0.0,0.0,0.774747,0.5307693800926209,mon_21_7,alpha_mono
10008000,10010000,2000,0.353,1.9341770853224587,5.538030913733194,10.155042409455064,0.6387569345815666,1.952,1.92,0.0,0.0,0.810178,0.63,mon_21_7,alpha_mono
10016000,10018000,2000,0.3775,1.9529688606327391,5.673148947814132,10.437750743049468,0.6963273020760424,2.128,2.176,0.0,0.0,0.68339,0.7666682167053223,mon_21_7,alpha_mono
10024000,10026000,2000,0.3765,1.9525998266774571,5.55911692033524,9.65103727146541,0.4852359545962973,1.596,1.632,0.0,0.0,0.614397,0.0,mon_21_7,alpha_mono
10032000,10034000,2000,0.3645,1.9396821529553765,5.533413575046957,10.08015959234651,0.5921523513717527,1.864,1.852,0.0,0.0,0.795157,1.0583354730606078,mon_21_7,alpha_mono
10040000,10042000,2000,0.358,1.938030635866587,5.524571686459998,10.09482401854307,0.6031181356564147,1.928,1.872,0.0,0.0,0.811899,0.8863637208938598,mon_21_7,alpha_mono
10048000,10050000,2000,0.454,1.6959105375471926,4.350488793417541,8.712495685524377,0.4550800478134765,1.512,1.408,0.0,0.0,0.741294,2.5285250792503358,hsat3_21_15(A4),hsat
10056000,10058000,2000,0.3625,1.9365939263047272,5.550934769518587,10.315940040619545,0.6743957335067183,2.06,1.996,0.0,0.0,0.886676,1.2117422676086427,mon_21_8,alpha_mono
10064000,10066000,2000,0.361,1.9383136903590912,5.531165538720825,10.147783295358064,0.6195668120834079,1.944,1.872,0.0,0.0,0.794656,1.9708328437805176,mon_21_8,alpha_mono
10072000,10074000,2000,0.3715,1.884156818213224,5.555940436416906,10.955537640054022,0.9074186495557875,2.664,2.408,0.0,0.425,0.469055,1.0111107563972472,mon_21_8,alpha_mono
10080000,10082000,2000,0.3545,1.934624214817125,5.504032577307656,10.22721767753186,0.6305325963680699,1.952,1.904,0.0,0.0,0.805343,2.4261101670265197,mon_21_8,alpha_mono
10088000,10090000,2000,0.366,1.940977440214003,5.557836121075772,10.192477878494191,0.6168253660122424,1.956,1.952,0.0,0.0,0.822592,0.0,mon_21_8,alpha_mono
10096000,10098000,2000,0.363,1.9366056450044564,5.507546009210223,9.81085860582751,0.509908969236787,1.648,1.76,0.0,0.0,0.694703,1.6785697317123414,mon_21_8,alpha_mono
10104000,10106000,2000,0.354,1.937563733631004,5.5826494438524135,10.5821778275514,0.7155174245742011,2.148,2.136,0.0,0.0,0.892628,0.0,mon_21_8,alpha_mono
10112000,10114000,2000,0.348,1.9280681964986583,5.543328798913506,10.38013843221497,0.6634299492220562,2.064,1.992,0.0,0.0,0.855485,1.126922883272171,mon_21_8,alpha_mono
10120000,10122000,2000,0.362,1.9399833405304312,5.5585661141749005,10.26130725257402,0.6606885031508907,2.04,1.992,0.0,0.0,0.8459,2.6394738872051238,mon_21_8,alpha_mono
10128000,10130000,2000,0.474,1.7189620692485257,4.507578021342546,9.102158878327897,0.5290990917349456,1.676,1.584,0.0,0.0,0.853269,0.4678573257923126,hsat3_21_16(A4),hsat
10136000,10138000,2000,0.3495,1.928603449525812,5.515343985523168,10.185424621798076,0.636015488510401,1.956,1.936,0.0,0.0,0.844788,0.6500000619888305,mon_21_9,alpha_mono
10144000,10146000,2000,0.3675,1.946392755184838,5.540204370788621,10.111975140954844,0.6140839199410768,1.908,1.884,0.0,0.0,0.807687,0.5111106090545654,mon_21_9,alpha_mono
10152000,10154000,2000,0.38,1.917123376751765,5.622342778785649,10.95151753955151,0.9183844338404498,2.636,2.408,0.0,0.05,0.402391,2.381818027496338,mon_21_9,alpha_mono
10160000,10162000,2000,0.38,1.9390694306665823,5.6673560571573525,10.8541238021002,0.8690384045594703,2.552,2.4,0.0,0.0,0.731131,0.3566668367385864,mon_21_9,alpha_mono
10168000,10170000,2000,0.3735,1.9469255126586384,5.616890016047462,10.37330316652934,0.699068748147208,2.12,2.108,0.0,0.0,0.716061,0.61,mon_21_9,alpha_mono
10176000,10178000,2000,0.3585,1.934153082660349,5.524663061504161,10.362528983635016,0.6387569345815666,2.0,2.016,0.0,0.0,0.839888,1.2181815528869628,mon_21_9,alpha_mono
10184000,10186000,2000,0.4405,1.8036521136385817,4.895010769298173,9.391447405493045,0.5702207828024285,1.768,1.696,0.0,0.0,0.865233,3.590625,hsat3_21_17(A4),hsat
10192000,10194000,2000,0.4675,1.7375366307502922,4.560817694284732,9.279742031307729,0.5181333074502835,1.704,1.58,0.0,0.0,0.823756,1.2529405431747436,hsat3_21_17(A4),hsat
10200000,10202000,2000,0.464,1.6961480272982867,4.469088215775721,9.190932472063384,0.4742701703116352,1.6,1.56,0.0,0.0,0.794856,1.342855785369873,hsat3_21_17(A4),hsat
10208000,10210000,2000,0.465,1.7247499530836612,4.503694829833607,9.36272082215239,0.5318405378061112,1.748,1.58,0.0,0.0,0.871595,2.589284537315369,hsat3_21_17(A4),hsat
10216000,10218000,2000,0.4545,1.6852821029217335,4.38622930358134,9.230118054395556,0.5153918613791181,1.656,1.52,0.0,0.0,0.831236,0.0,hsat3_21_17(A4),hsat
10224000,10226000,2000,0.4795,1.7845737506864496,4.8252439785531935,9.572483770866608,0.5866694592294216,1.832,1.836,0.0,0.0,0.789406,1.3142860777378083,hsat3_21_17(A4),hsat
10232000,10234000,2000,0.461,1.7003980884568324,4.488298759259889,9.352414578937712,0.5428063220907733,1.732,1.6,0.0,0.0,0.896857,0.8181818962097168,hsat3_21_17(A4),hsat
10240000,10242000,2000,0.478,1.6855701647374028,4.36374913561884,9.118464709005185,0.4824945085251318,1.608,1.476,0.0,0.0,0.807852,2.521426022529602,hsat3_21_17(A4),hsat
10248000,10250000,2000,0.4565,1.711780874034094,4.4918521893115155,9.16690987016486,0.504426077094456,1.68,1.552,0.0,0.0,0.853045,0.563636417388916,hsat3_21_17(A4),hsat
10256000,10258000,2000,0.459,1.717142342684239,4.477850896677406,8.978413882051784,0.4687872781693042,1.544,1.508,0.0,0.0,0.756974,1.3515910148620605,hsat3_21_17(A4),hsat
10264000,10266000,2000,0.467,1.704539952890156,4.473143202431425,9.260366599728506,0.5263576456637802,1.696,1.592,0.0,0.0,0.888465,1.465,hsat3_21_17(A4),hsat
10272000,10274000,2000,0.4505,1.698374628976415,4.376197460822921,9.212218143205163,0.5071675231656215,1.616,1.5,0.0,0.0,0.830844,0.0,hsat3_21_17(A4),hsat
10280000,10282000,2000,0.4595,1.7057504036869655,4.422375775985519,9.299664939908787,0.4852359545962973,1.624,1.528,0.0,0.0,0.836836,0.6938098239898681,hsat3_21_17(A4),hsat
10288000,10290000,2000,0.4575,1.7305944672388158,4.559114280983351,9.241673261914745,0.5071675231656215,1.684,1.608,0.0,0.0,0.818164,0.5200002479553223,hsat3_21_17(A4),hsat
10296000,10298000,2000,0.46,1.6935979518555953,4.360585052531023,8.773159651753595,0.4660458320981386,1.56,1.46,0.0,0.0,0.787979,0.0,hsat3_21_17(A4),hsat
10304000,10306000,2000,0.4665,1.669518013935841,4.2765343776155875,8.818848717384437,0.44685570959998,1.512,1.44,0.0,0.0,0.800525,0.0,hsat3_21_17(A4),hsat
10312000,10314000,2000,0.3635,1.940628901471192,5.517408664036616,10.22094481515168,0.6332740424392355,1.944,1.932,0.0,0.0,0.820014,1.5492424335479735,mon_21_10,alpha_mono
10320000,10322000,2000,0.361,1.9407650850493097,5.658380921601074,10.80747400936815,0.8498482820613117,2.476,2.364,0.0,0.0,0.655442,0.0,mon_21_10,alpha_mono
10328000,10330000,2000,0.3565,1.9330780664281273,5.565187583616142,10.43027168350983,0.6963273020760424,2.112,2.084,0.0,0.0,0.959268,1.385712884902954,mon_21_10,alpha_mono
10336000,10338000,2000,0.3615,1.9373423887138097,5.550077819687498,10.266574951692675,0.6387569345815666,2.0,1.972,0.0,0.0,0.845458,3.6982144012451172,mon_21_10,alpha_mono
10344000,10346000,2000,0.362,1.938299885386393,5.511298094249531,9.972723185849592,0.583928013158256,1.812,1.828,0.0,0.0,0.731516,4.781249545097351,mon_21_10,alpha_mono
10352000,10354000,2000,0.382,1.919253680795148,5.626213308057214,10.95654266517965,0.9238673259827808,2.668,2.424,0.0,0.575,0.3016,1.9714265785217284,mon_21_10,alpha_mono
10360000,10362000,2000,0.356,1.934066220889404,5.570177592921226,10.20781899898438,0.6387569345815666,2.008,1.952,0.0,0.0,0.79398,0.6409091520309448,mon_21_10,alpha_mono
10368000,10370000,2000,0.3635,1.939934927838194,5.538321955397299,10.17751678533319,0.6195668120834079,1.956,1.932,0.0,0.0,0.776985,1.869999508857727,mon_21_10,alpha_mono
10376000,10378000,2000,0.365,1.942201883747526,5.5446227971342505,10.215651437621627,0.641498380652732,2.008,1.932,0.0,0.0,0.850105,3.8625,mon_21_10,alpha_mono
10384000,10386000,2000,0.406,1.913752597137673,5.629852083417444,10.95754769030528,0.9183844338404498,2.68,2.444,0.0,0.9,0.248499,0.0,mon_21_10,alpha_mono
10392000,10394000,2000,0.4285,1.7665463731342497,4.706837410781027,9.779620965025302,0.5647378906600974,1.824,1.72,0.0,0.0,0.922287,1.3506253147125244,"hsat3_21_18(A1,A4)",hsat
10400000,10402000,2000,0.4185,1.7538740922822729,4.544741563639419,9.466473800866057,0.5181333074502835,1.68,1.568,0.0,0.0,0.849772,1.9860720326900483,"hsat3_21_18(A1,A4)",hsat
10408000,10410000,2000,0.4275,1.752864196620492,4.588634590802933,9.66980435775,0.5674793367312629,1.772,1.628,0.0,0.0,0.962897,0.668181881904602,"hsat3_21_18(A1,A4)",hsat
10416000,10418000,2000,0.433,1.7529275826119328,4.5972961518292985,9.731529187818214,0.5455477681619388,1.804,1.644,0.0,0.0,0.889372,0.5818182373046875,"hsat3_21_18(A1,A4)",hsat
10424000,10426000,2000,0.444,1.78673701270476,4.712545839981374,9.809393869987456,0.5674793367312629,1.792,1.668,0.0,0.0,0.914597,0.44,"hsat3_21_18(A1,A4)",hsat
10432000,10434000,2000,0.405,1.818266370558819,4.370483817829853,8.610133475669544,0.4605629399558076,1.524,1.408,0.0,0.0,0.761717,2.5710594272613525,"hsat3_21_18(A1,A4)",hsat
10440000,10442000,2000,0.39,1.8068735578502724,4.374480773109753,8.83505371226125,0.4687872781693042,1.548,1.44,0.0,0.0,0.792692,0.9594439096450805,"hsat3_21_18(A1,A4)",hsat
10448000,10450000,2000,0.397,1.8024473018290676,4.377746055958057,8.881482476479427,0.4742701703116352,1.548,1.456,0.0,0.0,0.792263,1.625687270641327,"hsat3_21_18(A1,A4)",hsat
10456000,10458000,2000,0.403,1.81534440027456,4.398271082029728,8.934980815346972,0.4605629399558076,1.528,1.436,0.0,0.0,0.768277,0.5684523103237152,"hsat3_21_18(A1,A4)",hsat
10464000,10466000,2000,0.3915,1.7993892527938975,4.418677320952541,8.972294692446367,0.4742701703116352,1.572,1.46,0.0,0.0,0.799028,1.1454546546936035,"hsat3_21_18(A1,A4)",hsat
10472000,10474000,2000,0.393,1.8286345500074048,4.442338047871738,9.082239241562949,0.5071675231656215,1.62,1.476,0.0,0.0,0.810851,0.9708329629898071,"hsat3_21_18(A1,A4)",hsat
10480000,10482000,2000,0.3935,1.9646505466663615,5.765129824128211,10.954532614928397,0.9649890170502636,2.676,2.456,0.0,0.025,1.883777,1.4954546880722046,ct_21_62,non_satellite
10488000,10490000,2000,0.404,1.9680311480658297,5.774502381733173,10.955537640054022,0.956764678836767,2.708,2.5,0.0,0.075,1.367666,1.2190489139556884,ct_21_62,non_satellite
10496000,10498000,2000,0.341,1.9156100618061176,5.64058654468651,10.95252256467714,0.940316002409774,2.66,2.428,0.0,0.0,1.510973,1.0583354730606078,ct_21_62,non_satellite
10504000,10506000,2000,0.354,1.9191833603967676,5.679957622920139,10.954532614928397,0.9293502181251118,2.688,2.444,0.0,0.075,1.411997,0.7888881139755249,ct_21_63,non_satellite
10512000,10514000,2000,0.4395,1.9884289064534888,5.832007545035109,10.95654266517965,0.9649890170502636,2.704,2.504,0.0,0.075,1.892777,2.3573818995952607,ct_21_64,non_satellite
10520000,10522000,2000,0.3555,1.934733163975359,5.702265400184129,10.949507489300258,0.9375745563386084,2.664,2.488,0.0,0.0,1.697052,0.7481846611499786,ct_21_64,non_satellite
10528000,10530000,2000,0.3765,1.9539079736136296,5.741253073903745,10.941201295826396,0.9348331102674428,2.7,2.456,0.0,0.0,1.633874,4.052253686666488,ct_21_64,non_satellite
10536000,10538000,2000,0.4005,1.95237313077114,5.7147804452322255,10.95654266517965,0.9485403406232704,2.696,2.48,0.0,0.375,1.38052,9.398247221946717,ct_21_64,non_satellite
10544000,10546000,2000,0.329,1.9008068172840369,5.617060009750043,10.946492413923377,0.904677203484622,2.636,2.436,0.0,0.025,1.506035,2.721167416572571,ct_21_64,non_satellite
10552000,10554000,2000,0.3825,1.9380144735997888,5.724104579531685,10.948502464174627,0.9375745563386084,2.68,2.464,0.0,0.0,1.291926,0.6024876055717469,ct_21_64,non_satellite
10560000,10562000,2000,0.3495,1.893444560216995,5.571451632466697,10.95151753955151,0.9183844338404498,2.668,2.412,0.0,0.025,0.749604,2.1890146112442017,ct_21_64,non_satellite
10568000,10570000,2000,0.3905,1.9268438694096333,5.644779003635959,10.92701759608309,0.9101600956269532,2.62,2.428,0.0,0.0,1.094181,2.59375,ct_21_64,non_satellite
10576000,10578000,2000,0.373,1.912657328935974,5.625252557755714,10.954532614928391,0.9320916641962772,2.668,2.444,0.0,0.175,1.097611,0.47,ct_21_64,non_satellite
10584000,10586000,2000,0.4325,1.9806543058243504,5.8010708182539865,10.83883233751352,0.9348331102674428,2.668,2.412,0.0,0.0,1.668599,0.4727273178100586,ct_21_64,non_satellite
10592000,10594000,2000,0.363,1.9318627724524025,5.674260596664216,10.95754769030528,0.9320916641962772,2.628,2.44,0.0,0.7,1.653045,1.4437502861022948,ct_21_64,non_satellite
10600000,10602000,2000,0.39,1.9626859338560008,5.781748955870365,10.953527589802768,0.9595061249079324,2.704,2.464,0.0,0.1,1.906778,0.37368437623977663,ct_21_64,non_satellite
10608000,10610000,2000,0.463,1.9948238976924089,5.83737638512546,10.805250243825736,0.904677203484622,2.584,2.388,0.0,0.0,1.209162,0.7574996967315674,ct_21_64,non_satellite
10616000,10618000,2000,0.383,1.914933121545073,5.63987302644375,10.9443493674377,0.9156429877692842,2.668,2.424,0.0,0.0,1.377622,2.3183327729701997,ct_21_64,non_satellite
10624000,10626000,2000,0.4185,1.977478468393344,5.803216078963482,10.938698557137275,0.9375745563386084,2.672,2.448,0.0,0.0,1.288583,2.7544429273605346,ct_21_64,non_satellite
10632000,10634000,2000,0.3725,1.9503135180245588,5.743892594265801,10.95754769030528,0.951281786694436,2.688,2.464,0.0,0.55,1.629889,0.0,ct_21_64,non_satellite
10640000,10642000,2000,0.3545,1.9351960291887729,5.745214164802561,10.940525427500791,0.9266087720539464,2.64,2.472,0.0,0.0,1.599389,2.619718522310257,ct_21_64,non_satellite
10648000,10650000,2000,0.358,1.9346435933445816,5.716375757831576,10.949507489300254,0.9430574484809394,2.708,2.46,0.0,0.0,1.636338,3.746362725973129,ct_21_64,non_satellite
10656000,10658000,2000,0.3955,1.9604723898681644,5.756082360671254,10.88375843243857,0.9430574484809394,2.672,2.428,0.0,0.0,1.257769,1.063636350631714,ct_21_64,non_satellite
10664000,10666000,2000,0.351,1.92428198292697,5.686524431856091,10.914331609903268,0.9211258799116152,2.62,2.424,0.0,0.0,1.523013,2.722219548225403,ct_21_64,non_satellite
10672000,10674000,2000,0.3315,1.9146473025055792,5.657395831886354,10.948502464174627,0.9266087720539464,2.676,2.472,0.0,0.0,1.808137,1.85,ct_21_64,non_satellite
10680000,10682000,2000,0.3575,1.9312820538227555,5.717208621009672,10.879155730506296,0.89371141919996,2.584,2.44,0.0,0.0,1.347032,2.375000903129578,ct_21_64,non_satellite
10688000,10690000,2000,0.354,1.9367021243518807,5.715602062864351,10.904161343090449,0.9183844338404498,2.632,2.44,0.0,0.0,1.304386,0.0,ct_21_64,non_satellite
10696000,10698000,2000,0.366,1.9449467923018455,5.7062501479580705,10.95654266517965,0.9293502181251118,2.688,2.436,0.0,0.35,1.70433,0.0,ct_21_64,non_satellite
10704000,10706000,2000,0.424,1.9832407376915095,5.843114201803185,10.89597516517313,0.9156429877692842,2.632,2.46,0.0,0.0,1.150957,0.631818242073059,ct_21_64,non_satellite
10712000,10714000,2000,0.562,1.963856201968755,5.721264536711725,10.915203638794493,0.8991943113422911,2.596,2.384,0.0,0.0,1.435691,0.23245630621910096,ct_21_64,non_satellite
10720000,10722000,2000,0.387,1.9625181705813703,5.751578765797493,10.893273153700791,0.9293502181251118,2.636,2.448,0.0,0.0,1.441969,1.6629110164642333,ct_21_64,non_satellite
10728000,10730000,2000,0.4795,1.996076968611868,5.816821246114975,10.862156642407882,0.8991943113422911,2.608,2.436,0.0,0.0,1.330042,0.7333330867290497,ct_21_64,non_satellite
10736000,10738000,2000,0.4475,1.9790620240517056,5.602873201448903,9.9377941961774,0.693585856004877,2.004,2.012,0.0,0.0,0.954899,0.0,ct_21_64,non_satellite
10744000,10746000,2000,0.4505,1.9736038658850408,5.795559197237396,10.74556144028247,0.8498482820613117,2.5,2.352,0.0,0.0,1.18853,0.0,ct_21_64,non_satellite
10752000,10754000,2000,0.4325,1.9809469303122575,5.726234690010445,10.478341177412132,0.7538976695705184,2.208,2.244,0.0,0.0,0.876364,1.7583343105316163,ct_21_64,non_satellite
10760000,10762000,2000,0.458,1.9926254130335257,5.829010937874786,10.721981976016655,0.8443653899189807,2.452,2.308,0.0,0.0,1.51462,0.36,ct_21_64,non_satellite
10768000,10770000,2000,0.376,1.9374405284120415,5.70814599543285,10.943273131533136,0.9293502181251118,2.652,2.436,0.0,0.0,1.199697,1.0999989194869995,ct_21_64,non_satellite
10776000,10778000,2000,0.3855,1.9260581519583808,5.640448045448667,10.958552715430908,0.9320916641962772,2.656,2.424,0.0,1.0,0.336444,0.7208330583572388,ct_21_64,non_satellite
10784000,10786000,2000,0.5805,1.972371791098347,5.798482271640802,10.955537640054024,0.9430574484809394,2.644,2.512,0.0,0.175,1.621982,3.6980779790878295,ct_21_64,non_satellite
10792000,10794000,2000,0.416,1.9756908611357793,5.818998022367531,10.892909906142918,0.9074186495557875,2.64,2.468,0.0,0.0,0.850434,3.513635268211365,ct_21_64,non_satellite
10800000,10802000,2000,0.3935,1.95658138439084,5.732846017168777,10.95252256467714,0.9348331102674428,2.672,2.468,0.0,0.025,1.19602,1.116668924331665,ct_21_64,non_satellite
10808000,10810000,2000,0.105,1.483775452168215,3.953110651486493,10.0254788347658,0.5592549985177664,1.78,1.74,0.0,0.0,1.08036,0.0,hsat1B_21_3,hsat
10816000,10818000,2000,0.2435,1.8001041154739006,5.117425396773676,10.660507420622205,0.7840535763533392,2.304,2.228,0.0,0.0,1.375768,3.195237190246582,hsat1B_21_3,hsat
10824000,10826000,2000,0.219,1.7198620925255568,4.684183906764362,8.733280749409172,0.3399393128245246,1.204,1.212,0.0,0.0,0.485644,1.8625,hsat1A_21_4,hsat
10832000,10834000,2000,0.2135,1.7217875163688632,4.686640146942867,8.78572908025635,0.3371978667533591,1.184,1.26,0.0,0.0,0.488721,0.715,hsat1A_21_4,hsat
10840000,10842000,2000,0.2235,1.7305634900550522,4.692875605912766,9.14502108353718,0.4194412488883248,1.428,1.384,0.0,0.0,0.587115,0.0,hsat1A_21_4,hsat
10848000,10850000,2000,0.2275,1.7331577968674725,4.73197474972186,9.386355247242305,0.4715287242404697,1.54,1.508,0.0,0.0,0.67479,2.305,hsat1A_21_4,hsat
10856000,10858000,2000,0.223,1.7302607678041306,4.703208434390076,9.186045210659143,0.4358899253153179,1.464,1.44,0.0,0.0,0.621291,1.8125,hsat1A_21_4,hsat
10864000,10866000,2000,0.226,1.728504921728539,4.660892560173147,8.87865194071198,0.3563879892515178,1.22,1.312,0.0,0.0,0.519398,4.321424202919006,hsat1A_21_4,hsat
10872000,10874000,2000,0.232,1.743873479710852,4.762201045499598,9.35785587666218,0.4331484792441524,1.46,1.512,0.0,0.0,0.63424,0.975,hsat1A_21_4,hsat
10880000,10882000,2000,0.2255,1.7428282091778349,4.748069315328827,9.15154321071503,0.4358899253153179,1.484,1.468,0.0,0.0,0.615698,2.1833311886787414,hsat1A_21_4,hsat
10888000,10890000,2000,0.222,1.73207692018202,4.711407443703056,9.174592717065382,0.4139583567459937,1.448,1.412,0.0,0.0,0.605171,7.364278269767762,hsat1A_21_4,hsat
10896000,10898000,2000,0.231,1.7411838011488745,4.7132794631237,9.216284692179276,0.452338601742311,1.512,1.452,0.0,0.0,0.633945,2.2285691757202146,hsat1A_21_4,hsat
10904000,10906000,2000,0.2195,1.723705052731937,4.686091163582739,9.10574273026724,0.4166998028171593,1.396,1.464,0.0,0.0,0.619786,0.0,hsat1A_21_4,hsat
10912000,10914000,2000,0.2225,1.735454429614151,4.750937411009002,9.271497913576164,0.4660458320981386,1.56,1.472,0.0,0.0,0.628544,0.0,hsat1A_21_4,hsat
10920000,10922000,2000,0.2235,1.730270337262165,4.6961674286698125,9.13149036829607,0.4358899253153179,1.464,1.412,0.0,0.0,0.609527,1.615,hsat1A_21_4,hsat
10928000,10930000,2000,0.2295,1.7424969529922074,4.741349692866294,9.204729009922376,0.4386313713864834,1.428,1.456,0.0,0.0,0.627382,0.0,hsat1A_21_4,hsat
10936000,10938000,2000,0.225,1.7330588887178326,4.720026301039634,9.310040368043705,0.4495971556711455,1.496,1.544,0.0,0.0,0.647678,1.6734116978645324,hsat1A_21_4,hsat
10944000,10946000,2000,0.221,1.7340238388340112,4.72992779939181,9.236840475493434,0.4331484792441524,1.512,1.456,0.0,0.0,0.612315,0.0,hsat1A_21_4,hsat
10952000,10954000,2000,0.225,1.7329359654747034,4.699510984516445,9.148532802645647,0.4358899253153179,1.476,1.432,0.0,0.0,0.626725,0.0,hsat1A_21_4,hsat
10960000,10962000,2000,0.222,1.7257595994910706,4.714282913797273,9.085650870205548,0.4495971556711455,1.46,1.472,0.0,0.0,0.650658,0.8250016679763794,hsat1A_21_4,hsat
10968000,10970000,2000,0.3885,1.959693854149369,5.66019366868078,10.043367938261651,0.5592549985177664,1.792,1.86,0.0,0.0,0.760829,1.424106240272522,hor_21_3(S2C13/21H1L),alpha_hor
10976000,10978000,2000,0.387,1.9581209456416488,5.6546865081550495,9.993472154602276,0.5482892142331043,1.728,1.84,0.0,0.0,0.759141,0.4363636779785156,hor_21_3(S2C13/21H1L),alpha_hor
10984000,10986000,2000,0.388,1.959284316143031,5.664781955477771,10.015280917613955,0.5455477681619388,1.752,1.868,0.0,0.0,0.771575,1.8346159007549285,hor_21_3(S2C13/21H1L),alpha_hor
10992000,10994000,2000,0.3875,1.957229433485594,5.646538821836475,9.94659605290012,0.5290990917349456,1.676,1.816,0.0,0.0,0.741585,0.8318182983398438,hor_21_3(S2C13/21H1L),alpha_hor
11000000,11002000,2000,0.3865,1.9572374846427587,5.652956635045689,9.918323433695504,0.5290990917349456,1.664,1.804,0.0,0.0,0.735914,3.832517316818237,hor_21_3(S2C13/21H1L),alpha_hor
11008000,11010000,2000,0.3855,1.956446540536383,5.64679029851044,9.954963639114268,0.5373234299484422,1.684,1.812,0.0,0.0,0.739104,0.978570439338684,hor_21_3(S2C13/21H1L),alpha_hor
11016000,11018000,2000,0.386,1.957285978146735,5.658613556573211,9.970306032877028,0.5290990917349456,1.688,1.824,0.0,0.0,0.741941,1.0500001001358032,hor_21_3(S2C13/21H1L),alpha_hor
11024000,11026000,2000,0.387,1.9564933812445997,5.6426224359278025,9.923065560869142,0.5318405378061112,1.664,1.812,0.0,0.0,0.749236,3.297757944345474,hor_21_3(S2C13/21H1L),alpha_hor
11032000,11034000,2000,0.3885,1.9574788971280015,5.643963906948148,9.97322815570073,0.5455477681619388,1.72,1.848,0.0,0.0,0.769211,0.8493600697517395,hor_21_3(S2C13/21H1L),alpha_hor
11040000,11042000,2000,0.3875,1.9580854830305972,5.655739874918453,9.93823921153589,0.5208747535214491,1.66,1.812,0.0,0.0,0.733735,2.091175413608551,hor_21_3(S2C13/21H1L),alpha_hor
11048000,11050000,2000,0.3895,1.9595835084341928,5.6640808519767685,10.03723780720021,0.5592549985177664,1.756,1.848,0.0,0.0,0.779787,3.833813597202301,hor_21_3(S2C13/21H1L),alpha_hor
11056000,11058000,2000,0.385,1.958224101157028,5.669953579980093,9.994649859461097,0.5318405378061112,1.688,1.856,0.0,0.0,0.753141,4.573540462493897,hor_21_3(S2C13/21H1L),alpha_hor
11064000,11066000,2000,0.3895,1.959524421702486,5.667797129575111,10.025132495248592,0.5482892142331043,1.74,1.872,0.0,0.0,0.779956,0.0,hor_21_3(S2C13/21H1L),alpha_hor
11072000,11074000,2000,0.3875,1.9582728446832565,5.652052028456281,10.031496769565258,0.5428063220907733,1.76,1.876,0.0,0.0,0.781905,1.0066671466827393,hor_21_3(S2C13/21H1L),alpha_hor
11080000,11082000,2000,0.389,1.9577197618938031,5.6472378875259155,9.964876990031732,0.5345819838772767,1.7,1.84,0.0,0.0,0.747396,2.781827206134796,hor_21_3(S2C13/21H1L),alpha_hor
11088000,11090000,2000,0.389,1.9592367585398316,5.656418273268044,9.998013302467324,0.5482892142331043,1.76,1.86,0.0,0.0,0.770879,1.3466405248641968,hor_21_3(S2C13/21H1L),alpha_hor
11096000,11098000,2000,0.3865,1.9581265479061511,5.649422327819767,9.993400229174656,0.5482892142331043,1.716,1.856,0.0,0.0,0.774063,3.75235680103302,hor_21_3(S2C13/21H1L),alpha_hor
11104000,11106000,2000,0.387,1.958231176304176,5.6540064402857135,10.00857944576578,0.5318405378061112,1.708,1.856,0.0,0.0,0.775135,5.691361550927162,hor_21_3(S2C13/21H1L),alpha_hor
11112000,11114000,2000,0.389,1.9595689378848504,5.664548765858497,10.054874120342038,0.572962228873594,1.816,1.876,0.0,0.0,0.790081,6.6583311576843265,hor_21_3(S2C13/21H1L),alpha_hor
11120000,11122000,2000,0.3875,1.9584636661728705,5.665418327226995,10.035128735985264,0.5428063220907733,1.736,1.86,0.0,0.0,0.75869,7.365262928962707,hor_21_3(S2C13/21H1L),alpha_hor
11128000,11130000,2000,0.3925,1.9602099150686727,5.66302693313045,10.04674579124308,0.5565135524466008,1.764,1.88,0.0,0.0,0.777512,5.016678558826446,hor_21_3(S2C13/21H1L),alpha_hor
11136000,11138000,2000,0.3915,1.9599853297328045,5.6610055858306305,10.069836503708196,0.578445121015925,1.804,1.88,0.0,0.0,0.799303,3.3632895300388337,hor_21_3(S2C13/21H1L),alpha_hor
11144000,11146000,2000,0.39,1.957489100303038,5.649804423521524,10.033101872473615,0.5757036749447595,1.8,1.86,0.0,0.0,0.785059,4.452044304847718,hor_21_3(S2C13/21H1L),alpha_hor
11152000,11154000,2000,0.3905,1.9595686716050953,5.645180221631615,9.88737074873424,0.5181333074502835,1.632,1.816,0.0,0.0,0.72073,3.014912189245224,hor_21_3(S2C13/21H1L),alpha_hor
11160000,11162000,2000,0.3915,1.9584780678231437,5.648093549190481,9.875105891463392,0.5236161995926146,1.624,1.808,0.0,0.0,0.75152,2.052564483165741,hor_21_3(S2C13/21H1L),alpha_hor
11168000,11170000,2000,0.3875,1.9563690278055903,5.64964905466058,10.003828081826123,0.5400648760196077,1.724,1.852,0.0,0.0,0.751634,3.1848211975097658,hor_21_3(S2C13/21H1L),alpha_hor
11176000,11178000,2000,0.39,1.957547015622222,5.654079551730512,10.031873269312817,0.5482892142331043,1.736,1.864,0.0,0.0,0.76294,1.3696417379379273,hor_21_3(S2C13/21H1L),alpha_hor
11184000,11186000,2000,0.389,1.9587831753503673,5.6629617732939135,10.024403280630429,0.5482892142331043,1.76,1.852,0.0,0.0,0.770066,1.725,hor_21_3(S2C13/21H1L),alpha_hor
11192000,11194000,2000,0.388,1.9592619195630785,5.654255263255458,9.896369346565956,0.5181333074502835,1.624,1.796,0.0,0.0,0.744416,0.0,hor_21_3(S2C13/21H1L),alpha_hor
11200000,11202000,2000,0.3875,1.9584872224760244,5.65929287053304,10.01083268976937,0.5428063220907733,1.724,1.832,0.0,0.0,0.761795,0.5500000524520874,hor_21_3(S2C13/21H1L),alpha_hor
11208000,11210000,2000,0.3905,1.960812793835538,5.659564316514231,10.032077204814314,0.5428063220907733,1.76,1.856,0.0,0.0,0.752,1.411109724998474,hor_21_3(S2C13/21H1L),alpha_hor
11216000,11218000,2000,0.3845,1.95790661033458,5.666240725130797,9.83578010478526,0.4879774006674628,1.504,1.752,0.0,0.0,0.671871,0.5772727823257446,hor_21_3(S2C13/21H1L),alpha_hor
11224000,11226000,2000,0.389,1.959384355146295,5.652446662085045,9.945112317607483,0.5318405378061112,1.692,1.808,0.0,0.0,0.745408,0.56153861951828,hor_21_3(S2C13/21H1L),alpha_hor
11232000,11234000,2000,0.3895,1.9593935152341055,5.650771964308617,9.938243231127403,0.5126504153079525,1.664,1.832,0.0,0.0,0.746731,3.4789654874801634,hor_21_3(S2C13/21H1L),alpha_hor
11240000,11242000,2000,0.39,1.9595299398425363,5.6507277635915445,9.96193566209495,0.5208747535214491,1.672,1.828,0.0,0.0,0.757651,1.32,hor_21_3(S2C13/21H1L),alpha_hor
11248000,11250000,2000,0.3905,1.9597320162770573,5.662845903346182,10.025596780056398,0.5565135524466008,1.74,1.864,0.0,0.0,0.773511,1.0611100687980652,hor_21_3(S2C13/21H1L),alpha_hor
11256000,11258000,2000,0.3885,1.9591068114920789,5.655165869271477,9.97637449397009,0.5400648760196077,1.732,1.824,0.0,0.0,0.748178,1.8493598070144652,hor_21_3(S2C13/21H1L),alpha_hor
11264000,11266000,2000,0.389,1.9596574879396869,5.6686683294823945,10.035236485512623,0.572962228873594,1.8,1.888,0.0,0.0,0.78122,2.28,hor_21_3(S2C13/21H1L),alpha_hor
11272000,11274000,2000,0.3845,1.9565199618787128,5.643732715265726,9.976486823261354,0.5345819838772767,1.708,1.808,0.0,0.0,0.744383,1.6416699857711792,hor_21_3(S2C13/21H1L),alpha_hor
11280000,11282000,2000,0.3875,1.956077943683575,5.641450748920951,9.910840730130785,0.5153918613791181,1.648,1.816,0.0,0.0,0.736596,0.0,hor_21_3(S2C13/21H1L),alpha_hor
11288000,11290000,2000,0.391,1.9604590474181676,5.65728808678924,9.999967216141894,0.5400648760196077,1.72,1.876,0.0,0.0,0.771003,0.665,hor_21_3(S2C13/21H1L),alpha_hor
11296000,11298000,2000,0.377,1.950692254326549,5.627205886932476,10.10897464622181,0.6086010277987458,1.9,1.944,0.0,0.0,0.812103,1.371154273033142,hor_21_4(S2C13/21H1-B),alpha_hor
11304000,11306000,2000,0.375,1.9515700806084688,5.64053396665671,10.285927875826058,0.6277911502969045,2.0,2.0,0.0,0.0,0.883489,1.2190018739700317,"hor_21_6(S2C13/21H1L,B)",alpha_hor
11312000,11314000,2000,0.371,1.9498926691738183,5.609586143174377,10.316199802936897,0.6524641649373941,2.076,2.024,0.0,0.0,0.866779,0.8999996566772461,mon_21_11,alpha_mono
11320000,11322000,2000,0.372,1.949886777100663,5.571078917063019,10.13486030732839,0.6031181356564147,1.908,1.892,0.0,0.0,0.795485,1.6069054248332977,mon_21_11,alpha_mono
11328000,11330000,2000,0.367,1.9450537544328148,5.56877300593338,9.893834239244647,0.5647378906600974,1.78,1.852,0.0,0.0,0.736747,2.0802692365646362,mon_21_11,alpha_mono
11336000,11338000,2000,0.3665,1.9436680056793192,5.549826443816143,10.239347339440782,0.641498380652732,1.98,1.94,0.0,0.0,0.851448,0.5749997806549072,mon_21_11,alpha_mono
11344000,11346000,2000,0.3965,1.957345692479267,5.769733566620182,10.777556179394852,0.8800041888441325,2.568,2.404,0.0,0.0,1.169612,0.750001516342163,ct_21_65,non_satellite
11352000,11354000,2000,0.324,1.9084491840322235,5.619167370241755,10.95654266517965,0.9156429877692842,2.636,2.448,0.0,0.45,1.699689,0.0,ct_21_65,non_satellite
11360000,11362000,2000,0.3945,1.9584479138241704,5.742213521422141,10.929273990553275,0.9074186495557875,2.632,2.468,0.0,0.0,1.287035,0.0,ct_21_65,non_satellite
11368000,11370000,2000,0.393,1.9642748786323767,5.775747799727011,10.955537640054022,0.951281786694436,2.672,2.496,0.0,0.125,1.216583,0.0,ct_21_65,non_satellite
11376000,11378000,2000,0.304,1.8561410963476448,5.486251508679148,10.896111799716328,0.9019357574134566,2.628,2.376,0.0,0.0,1.241172,0.0,ct_21_65,non_satellite
11384000,11386000,2000,0.2845,1.859681071040498,5.490591230744738,10.949507489300252,0.9019357574134566,2.632,2.448,0.0,0.05,1.670382,0.8409091711044312,ct_21_65,non_satellite
11392000,11394000,2000,0.282,1.8567577594412303,5.483163849084436,10.873997608643736,0.8854870809864634,2.564,2.428,0.0,0.0,1.639171,0.69,ct_21_65,non_satellite
11400000,11402000,2000,0.4015,1.9688606739672116,5.771584324513816,10.958552715430908,0.9485403406232704,2.7,2.48,0.0,1.0,1.136715,1.2785701360702515,ct_21_65,non_satellite
11408000,11410000,2000,0.38,1.94945511386567,5.745120750585113,10.955537640054022,0.9320916641962772,2.652,2.504,0.0,0.1,1.500418,0.0,ct_21_65,non_satellite
11416000,11418000,2000,0.364,1.9055599004193489,5.606775052486568,10.954532614928391,0.9266087720539464,2.636,2.428,0.0,0.4,0.53834,0.49611075639724733,ct_21_65,non_satellite
11424000,11426000,2000,0.393,1.961333391467385,5.736051706613631,10.942472313420865,0.9375745563386084,2.7,2.476,0.0,0.0,0.986303,2.564283122062683,ct_21_65,non_satellite
11432000,11434000,2000,0.342,1.898657683231601,5.589017435546254,10.935929825979322,0.904677203484622,2.652,2.432,0.0,0.0,1.126047,1.5875,ct_21_65,non_satellite
11440000,11442000,2000,0.3545,1.9252596495371368,5.555578084325437,10.290609128975747,0.6853615177913804,2.1,2.016,0.0,0.0,0.850844,0.0,ct_21_65,non_satellite
11448000,11450000,2000,0.3655,1.920783299558367,5.655617543541285,10.845571264407408,0.8772627427729669,2.552,2.388,0.0,0.0,1.238284,0.0,ct_21_65,non_satellite
11456000,11458000,2000,0.3265,1.900013356738788,5.600859577135029,10.953527589802766,0.9266087720539464,2.66,2.44,0.0,0.1,1.477124,0.0,ct_21_65,non_satellite
11464000,11466000,2000,0.44,1.987980061970562,5.815718995684186,10.948502464174627,0.945798894552105,2.688,2.472,0.0,0.0,1.429195,2.1538878684043885,ct_21_65,non_satellite
11472000,11474000,2000,0.455,1.988064169138912,5.633469470319361,9.771026153115534,0.5455477681619388,1.732,1.74,0.0,0.0,0.790549,0.0,censat_21_51(CER),other_sat
11480000,11482000,2000,0.3815,1.9221822532913269,5.620637579372106,10.95754769030528,0.9101600956269532,2.648,2.4,0.0,0.9,0.338563,1.15,ct_21_66,non_satellite
11488000,11490000,2000,0.344,1.917571040016816,5.6654344075360905,10.949753833519186,0.9430574484809394,2.688,2.456,0.0,0.0,1.519111,7.141665235519409,ct_21_66,non_satellite
11496000,11498000,2000,0.375,1.9524003458490171,5.747330222331577,10.953527589802768,0.9348331102674428,2.688,2.452,0.0,0.0,1.736897,4.583330549240112,ct_21_66,non_satellite
11504000,11506000,2000,0.382,1.9588077190746696,5.764560628375427,10.937693532011652,0.9320916641962772,2.688,2.476,0.0,0.0,0.954095,2.150002908706665,ct_21_66,non_satellite
11512000,11514000,2000,0.339,1.9238295848236933,5.690284501242963,10.922629666033291,0.9375745563386084,2.684,2.448,0.0,0.0,1.874454,1.2900000381469727,ct_21_66,non_satellite
11520000,11522000,2000,0.3415,1.926124951359091,5.677611392078468,10.95252256467714,0.9348331102674428,2.68,2.472,0.0,0.05,1.723988,0.79,ct_21_66,non_satellite
11528000,11530000,2000,0.3955,1.955083475258378,5.72598635115799,10.95754769030528,0.9293502181251118,2.64,2.464,0.0,0.55,1.429956,0.9,ct_21_66,non_satellite
11536000,11538000,2000,0.408,1.9753212533389168,5.829149381977498,10.945108048344393,0.9595061249079324,2.704,2.452,0.0,0.0,1.509928,1.29,ct_21_66,non_satellite
11544000,11546000,2000,0.409,1.9720629673533547,5.774310212609095,10.954532614928397,0.9293502181251118,2.68,2.456,0.0,0.05,1.497655,4.14,ct_21_66,non_satellite
11552000,11554000,2000,0.3335,1.9179812285154572,5.667534592492701,10.854287957490584,0.8827456349152979,2.588,2.448,0.0,0.0,1.46967,0.0,ct_21_66,non_satellite
11560000,11562000,2000,0.3375,1.8794331200450605,5.54635926950475,10.938319216683928,0.9156429877692842,2.608,2.412,0.0,0.0,0.939912,3.091665181159973,ct_21_66,non_satellite
11568000,11570000,2000,0.327,1.9101455477038145,5.6390678072788765,10.90689008462329,0.9101600956269532,2.648,2.46,0.0,0.0,1.26832,0.0,ct_21_66,non_satellite
11576000,11578000,2000,0.4635,1.9807348442908743,5.782696133714549,10.9208544490949,0.9430574484809394,2.696,2.5,0.0,0.0,1.247336,0.9273815059661865,ct_21_66,non_satellite
11584000,11586000,2000,0.345,1.92880125571107,5.695361021244427,10.951138199098164,0.9348331102674428,2.64,2.508,0.0,0.0,1.85197,4.7357178382873535,ct_21_66,non_satellite
11592000,11594000,2000,0.3775,1.9550407298501256,5.754340182378711,10.95654266517965,0.9320916641962772,2.7,2.436,0.0,0.225,1.73776,8.53303246498108,ct_21_66,non_satellite
11600000,11602000,2000,0.3175,1.8994933268087892,5.622910403957057,10.955537640054022,0.9293502181251118,2.672,2.42,0.0,0.35,1.851155,0.0,ct_21_66,non_satellite
11608000,11610000,2000,0.3335,1.916993798933712,5.631432607162021,10.91536259638464,0.9211258799116152,2.632,2.42,0.0,0.0,1.724317,0.0,ct_21_66,non_satellite
11616000,11618000,2000,0.3585,1.9388870918190957,5.70523210780308,10.95171370011712,0.945798894552105,2.672,2.452,0.0,0.0,1.544663,1.725,ct_21_66,non_satellite
11624000,11626000,2000,0.366,1.9334720716466456,5.691323775392489,10.95754769030528,0.9430574484809394,2.696,2.432,0.0,0.65,1.825889,0.6285707931518555,ct_21_66,non_satellite
11632000,11634000,2000,0.336,1.9155823143888364,5.644853889740336,10.95754769030528,0.9320916641962772,2.664,2.44,0.0,0.825,1.803575,1.054923915863037,ct_21_66,non_satellite
11640000,11642000,2000,0.347,1.924291235909967,5.690798289054532,10.925386886285196,0.9211258799116152,2.648,2.484,0.0,0.0,1.596385,1.6454547023773194,ct_21_66,non_satellite
11648000,11650000,2000,0.3645,1.943707616988218,5.716040753345042,10.95654266517965,0.9485403406232704,2.664,2.484,0.0,0.275,1.865423,0.0,ct_21_66,non_satellite
11656000,11658000,2000,0.426,1.9824778860913128,5.828043585186002,10.87680985588298,0.9238673259827808,2.648,2.436,0.0,0.0,1.243818,0.0,ct_21_66,non_satellite
11664000,11666000,2000,0.3095,1.880933018403232,5.550693425653349,10.955537640054022,0.9074186495557875,2.632,2.424,0.0,0.45,1.657889,1.92,ct_21_66,non_satellite
11672000,11674000,2000,0.4305,1.981347235240397,5.798965494846341,10.95754769030528,0.9540232327656016,2.724,2.456,0.0,0.5,0.78606,0.8999991159439087,ct_21_66,non_satellite
11680000,11682000,2000,0.338,1.9178663244677256,5.657883959837433,10.937067847339367,0.9266087720539464,2.68,2.46,0.0,0.0,1.524676,1.6486098232269286,ct_21_66,non_satellite
11688000,11690000,2000,0.3305,1.9101312475414904,5.654519202405421,10.955537640054022,0.9238673259827808,2.632,2.46,0.0,0.3,1.45134,0.0,ct_21_66,non_satellite
11696000,11698000,2000,0.319,1.9014866611306505,5.602457026517893,10.955537640054024,0.9375745563386084,2.66,2.392,0.0,0.3,1.837702,0.4090909481048584,ct_21_66,non_satellite
11704000,11706000,2000,0.4805,1.9965860414193624,5.862328746813819,10.880899788288705,0.9101600956269532,2.592,2.444,0.0,0.0,1.785567,0.3916665172576904,ct_21_66,non_satellite
11712000,11714000,2000,0.5785,1.960725942037083,5.614668399752066,10.643314948309811,0.8471068359901461,2.48,2.328,0.0,0.0,1.362729,1.5388873772621154,ct_21_66,non_satellite
11720000,11722000,2000,0.3965,1.957907849453978,5.732229921273804,10.95654266517965,0.9485403406232704,2.684,2.452,0.0,0.375,1.059626,0.95,ct_21_66,non_satellite
11728000,11730000,2000,0.3195,1.8970088842435056,5.582079589276655,10.88524610545772,0.8964528652711256,2.616,2.412,0.0,0.0,1.418819,0.0,ct_21_66,non_satellite
11736000,11738000,2000,0.344,1.920700099036963,5.6702993229541185,10.905765043941107,0.9183844338404498,2.644,2.452,0.0,0.0,1.314942,0.0,ct_21_66,non_satellite
11744000,11746000,2000,0.308,1.8714392214302835,5.517965651894112,10.948502464174624,0.8964528652711256,2.588,2.436,0.0,0.025,1.787464,3.377774459838867,ct_21_66,non_satellite
11752000,11754000,2000,0.362,1.9374058052454743,5.704845250977712,10.95151753955151,0.940316002409774,2.656,2.416,0.0,0.0,1.587369,2.5562485342025756,ct_21_66,non_satellite
11760000,11762000,2000,0.386,1.921419554145127,5.626322684055126,10.958552715430908,0.9211258799116152,2.668,2.4,0.0,1.0,0.23692,0.0,ct_21_66,non_satellite
11768000,11770000,2000,0.384,1.9587490163590553,5.804643574692181,10.955537640054024,0.9485403406232704,2.732,2.444,0.0,0.15,1.544628,0.0,ct_21_66,non_satellite
11776000,11778000,2000,0.455,1.989477313341907,5.804120295918904,10.922546944348296,0.9348331102674428,2.672,2.432,0.0,0.0,1.296114,0.4000001564025879,ct_21_66,non_satellite
11784000,11786000,2000,0.3585,1.9411421280912475,5.710925441050987,10.955537640054022,0.9320916641962772,2.688,2.476,0.0,0.175,1.527148,1.5859895210266113,ct_21_66,non_satellite
11792000,11794000,2000,0.3895,1.9516237106676877,5.736012595308709,10.906549264023244,0.9320916641962772,2.684,2.444,0.0,0.0,1.248477,2.65,ct_21_66,non_satellite
11800000,11802000,2000,0.4125,1.974689020338282,5.787557325558065,10.955537640054022,0.962247570979098,2.756,2.472,0.0,0.1,1.218871,1.2153842945098876,ct_21_66,non_satellite
11808000,11810000,2000,0.514,1.9905010555730145,5.708178253511222,10.95113819909816,0.9348331102674428,2.596,2.428,0.0,0.0,1.377291,1.4750029821395874,ct_21_66,non_satellite
11816000,11818000,2000,0.3655,1.9255874411649057,5.669685199516456,10.94812312372128,0.9129015416981188,2.636,2.428,0.0,0.0,0.814276,1.3678558359146118,ct_21_66,non_satellite
11824000,11826000,2000,0.334,1.9003225443669616,5.60904456260683,10.926125918941972,0.904677203484622,2.648,2.444,0.0,0.0,1.348317,0.0,ct_21_66,non_satellite
11832000,11834000,2000,0.45,1.982596356253528,5.7921088245526935,10.902960157399203,0.9019357574134566,2.624,2.412,0.0,0.0,1.259691,3.01875,ct_21_66,non_satellite
11840000,11842000,2000,0.3185,1.9021664396503728,5.653654559350387,10.942472313420854,0.9238673259827808,2.648,2.448,0.0,0.0,1.867289,0.0,ct_21_66,non_satellite
11848000,11850000,2000,0.3425,1.9176466813177144,5.65403720364591,10.935057797088112,0.9156429877692842,2.656,2.44,0.0,0.0,1.065863,1.39,ct_21_66,non_satellite
11856000,11858000,2000,0.358,1.9321895927648496,5.686261316902804,10.955537640054022,0.9293502181251118,2.644,2.448,0.0,0.3,1.597267,2.2548606090545653,ct_21_66,non_satellite
11864000,11866000,2000,0.464,1.9834373972094952,5.748604139215785,10.911316534526383,0.9293502181251118,2.632,2.396,0.0,0.0,1.342301,1.0678575603961944,ct_21_66,non_satellite
11872000,11874000,2000,0.4655,1.996330646973536,5.765514463287225,10.95654266517965,0.945798894552105,2.68,2.432,0.0,0.275,1.457603,0.7176466960906982,ct_21_66,non_satellite
11880000,11882000,2000,0.3715,1.944099798016452,5.732693433090636,10.954532614928397,0.940316002409774,2.664,2.492,0.0,0.05,1.238919,0.0,ct_21_66,non_satellite
11888000,11890000,2000,0.371,1.9417051245471308,5.728758961130894,10.95754769030528,0.9348331102674428,2.648,2.46,0.0,0.625,1.341447,2.7071401205062866,ct_21_66,non_satellite
11896000,11898000,2000,0.352,1.888213562150202,5.59143503041149,10.757396867833489,0.8772627427729669,2.54,2.36,0.0,0.0,1.293998,0.0,ct_21_66,non_satellite
11904000,11906000,2000,0.369,1.9397053821999797,5.711937680559501,10.947497439048997,0.9375745563386084,2.716,2.488,0.0,0.0,1.621005,2.136363787651062,ct_21_66,non_satellite
11912000,11914000,2000,0.3395,1.9160990034301544,5.653350847081845,10.955537640054022,0.9348331102674428,2.668,2.436,0.0,0.15,1.533873,0.42142873620986937,ct_21_66,non_satellite
11920000,11922000,2000,0.385,1.9613081775319492,5.743122038108272,10.95252256467714,0.9320916641962772,2.652,2.448,0.0,0.025,0.547837,0.47499981880187986,ct_21_66,non_satellite
11928000,11930000,2000,0.3485,1.9323254248491069,5.671240118629684,10.872120554626887,0.8772627427729669,2.552,2.412,0.0,0.0,1.427014,3.3997728254795074,ct_21_66,non_satellite
11936000,11938000,2000,0.3545,1.9147684810984784,5.611115605206507,10.944657497112113,0.9211258799116152,2.624,2.46,0.0,0.0,0.987597,0.5000001955032348,ct_21_66,non_satellite
11944000,11946000,2000,0.3265,1.9104679456452704,5.62738113164725,10.955537640054022,0.9238673259827808,2.696,2.488,0.0,0.45,1.783142,7.661103655815125,ct_21_66,non_satellite
11952000,11954000,2000,0.491,1.995128612957985,5.856995148162285,10.951517539551512,0.9375745563386084,2.612,2.476,0.0,0.0,1.448962,1.425,ct_21_66,non_satellite
11960000,11962000,2000,0.377,1.9471997445804612,5.702903484675733,10.909392823312404,0.9129015416981188,2.676,2.472,0.0,0.0,1.65181,0.0,ct_21_66,non_satellite
11968000,11970000,2000,0.368,1.9434360801389337,5.687392402596676,10.95754769030528,0.940316002409774,2.692,2.42,0.0,0.525,1.650121,0.5833327603340149,ct_21_66,non_satellite
11976000,11978000,2000,0.3505,1.9255140460781373,5.676253411911781,10.947497439049002,0.9266087720539464,2.632,2.452,0.0,0.0,1.612594,2.6705346384048463,ct_21_66,non_satellite
11984000,11986000,2000,0.3395,1.9220836912125296,5.65556279320835,10.882349998045878,0.904677203484622,2.636,2.392,0.0,0.0,1.608606,0.0,ct_21_66,non_satellite
11992000,11994000,2000,0.449,1.992084609321779,5.8055157113407585,10.934432112415845,0.9375745563386084,2.628,2.46,0.0,0.0,1.062506,1.4300006818771362,ct_21_66,non_satellite
12000000,12002000,2000,0.3355,1.8915117377902868,5.566884694144567,10.93291475060244,0.9019357574134566,2.632,2.412,0.0,0.0,1.557418,1.8300751495361327,ct_21_66,non_satellite
12008000,12010000,2000,0.5815,1.9627218843081515,5.657383467143369,10.779604232549532,0.8635555124171392,2.472,2.328,0.0,0.0,1.442515,2.0062490901947023,ct_21_66,non_satellite
12016000,12018000,2000,0.314,1.8901042779132289,5.573422527861419,10.954532614928397,0.9156429877692842,2.66,2.472,0.0,0.125,1.709773,0.0,ct_21_66,non_satellite
12024000,12026000,2000,0.661,1.8952158359774445,5.3879314936899245,10.411502677827825,0.7072930863607045,2.092,2.088,0.0,0.0,1.094921,0.0,ct_21_66,non_satellite
12032000,12034000,2000,0.3995,1.9691888335202563,5.73527895731967,10.908046977586734,0.9348331102674428,2.668,2.424,0.0,0.0,1.648773,1.161538788318634,ct_21_66,non_satellite
12040000,12042000,2000,0.6485,1.9255467619666569,5.598268898227113,10.872593594814854,0.8690384045594703,2.544,2.3,0.0,0.0,1.471565,2.62,ct_21_66,non_satellite
12048000,12050000,2000,0.501,1.98705512503695,5.822328701272528,10.95654266517965,0.9348331102674428,2.628,2.468,0.0,0.275,1.321396,0.9285704898834228,ct_21_66,non_satellite
12056000,12058000,2000,0.362,1.9312325493509523,5.6950427611416385,10.952143224223793,0.9320916641962772,2.632,2.468,0.0,0.025,1.767946,2.7474425656795503,ct_21_66,non_satellite
12064000,12066000,2000,0.4835,1.9984755216670815,5.814541065426349,10.933294091055792,0.9485403406232704,2.708,2.456,0.0,0.0,1.570605,1.5748363723754883,ct_21_66,non_satellite
12072000,12074000,2000,0.378,1.899005543519838,5.566388893719901,10.95754769030528,0.9293502181251118,2.628,2.416,0.0,0.8,0.51775,0.0,ct_21_66,non_satellite
12080000,12082000,2000,0.34,1.924347713285374,5.6400154997706125,10.888376049368723,0.9211258799116152,2.668,2.472,0.0,0.0,1.265215,1.67,ct_21_66,non_satellite
12088000,12090000,2000,0.417,1.9779994141526336,5.770303883052007,10.945108048344396,0.940316002409774,2.644,2.448,0.0,0.0,1.412907,4.046431531906128,ct_21_66,non_satellite
12096000,12098000,2000,0.3625,1.9433672461822105,5.694259880262374,10.955537640054022,0.9293502181251118,2.656,2.448,0.0,0.05,1.68424,1.2333358268737793,ct_21_66,non_satellite
12104000,12106000,2000,0.3595,1.940702330141776,5.707077113835238,10.949507489300254,0.9485403406232704,2.652,2.444,0.0,0.0,1.850731,0.0,ct_21_66,non_satellite
12112000,12114000,2000,0.397,1.9644061642877988,5.77004732378776,10.950708674991493,0.940316002409774,2.712,2.444,0.0,0.0,1.643022,3.0877256965637208,ct_21_66,non_satellite
12120000,12122000,2000,0.3785,1.9492780909747396,5.729159077880207,10.954153274475049,0.940316002409774,2.696,2.468,0.0,0.0,1.141808,0.0,ct_21_66,non_satellite
12128000,12130000,2000,0.3895,1.9613555898447788,5.751098980315365,10.943673499112094,0.9348331102674428,2.668,2.448,0.0,0.0,1.355273,1.4721402032375335,ct_21_66,non_satellite
12136000,12138000,2000,0.5255,1.9961210203121096,5.818303025783546,10.954532614928397,0.9485403406232704,2.688,2.48,0.0,0.175,1.249186,0.8602083873748779,ct_21_66,non_satellite
12144000,12146000,2000,0.4125,1.9749948202593743,5.754061760560787,10.958552715430908,0.956764678836767,2.696,2.472,0.0,1.0,1.743457,0.0,ct_21_66,non_satellite
12152000,12154000,2000,0.4075,1.966187453384492,5.793342251602158,10.915829323466763,0.9375745563386084,2.692,2.46,0.0,0.0,1.537222,4.6675,ct_21_66,non_satellite
12160000,12162000,2000,0.429,1.985163306061258,5.790428995008394,10.945487388797744,0.9430574484809394,2.704,2.472,0.0,0.0,1.483714,0.0,ct_21_66,non_satellite
12168000,12170000,2000,0.4005,1.965659067849279,5.796654858519522,10.951517539551514,0.940316002409774,2.68,2.476,0.0,0.0,1.817136,1.1249995708465577,ct_21_66,non_satellite
12176000,12178000,2000,0.364,1.9398892609411065,5.673512341948578,10.95654266517965,0.9375745563386084,2.652,2.448,0.0,0.4,1.826567,1.7628031539916993,ct_21_66,non_satellite
12184000,12186000,2000,0.3885,1.961663604700742,5.697200394052647,10.954532614928391,0.9211258799116152,2.644,2.444,0.0,0.1,1.706897,1.1583338127136231,ct_21_66,non_satellite
12192000,12194000,2000,0.5565,1.9905280344411589,5.688275616675157,10.95754769030528,0.940316002409774,2.664,2.448,0.0,0.65,1.844178,0.7428563919067382,censat_21_52(HSat5),other_sat
12200000,12202000,2000,0.4675,1.989081867443137,5.792821078624959,10.936688506886023,0.9375745563386084,2.664,2.504,0.0,0.0,1.298896,1.7916653156280518,ct_21_67,non_satellite
12208000,12210000,2000,0.461,1.9578460317453596,5.688631843257383,10.915582979247844,0.9129015416981188,2.596,2.424,0.0,0.0,1.426488,1.1250022745132446,ct_21_67,non_satellite
12216000,12218000,2000,0.4655,1.9862083033074611,5.772833779625648,10.951138199098164,0.9430574484809394,2.66,2.464,0.0,0.0,1.324054,1.171427387237549,ct_21_67,non_satellite
12224000,12226000,2000,0.4535,1.9776829521227113,5.76225440924341,10.95151753955151,0.9293502181251118,2.656,2.468,0.0,0.05,1.43583,2.236109528541565,ct_21_67,non_satellite
12232000,12234000,2000,0.455,1.9853813023672953,5.776187219221058,10.949507489300254,0.940316002409774,2.66,2.5,0.0,0.0,1.290272,0.8785705404281616,ct_21_67,non_satellite
12240000,12242000,2000,0.4675,1.9827507325956937,5.777038456857817,10.95754769030528,0.945798894552105,2.676,2.504,0.0,0.6,1.364456,0.9714275894165039,ct_21_67,non_satellite
12248000,12250000,2000,0.416,1.9714479023231997,5.74848823303595,10.942472313420854,0.9238673259827808,2.66,2.412,0.0,0.0,1.439218,12.15713056755066,ct_21_67,non_satellite
12256000,12258000,2000,0.351,1.9269618167531992,5.669392337251714,10.921584056428248,0.9293502181251118,2.624,2.416,0.0,0.0,1.214255,1.496427814722061,ct_21_68,non_satellite
12264000,12266000,2000,0.3895,1.9601187093580417,5.756805225553909,10.95754769030528,0.9595061249079324,2.732,2.456,0.0,0.475,1.569187,2.9671702675819396,ct_21_68,non_satellite
12272000,12274000,2000,0.3895,1.9402773582613275,5.699944298241711,10.896354505626482,0.8909699731287946,2.592,2.44,0.0,0.0,1.450196,1.3307714202404022,ct_21_68,non_satellite
12280000,12282000,2000,0.575,1.9809718038252933,5.689687405299893,10.266446701590008,0.7237417627876976,2.156,2.092,0.0,0.0,0.832896,2.03992644572258,ct_21_68,non_satellite
12288000,12290000,2000,0.33,1.9128860259779363,5.658991542281463,10.943097998093137,0.9293502181251118,2.652,2.464,0.0,0.0,1.745163,2.84,ct_21_68,non_satellite
12296000,12298000,2000,0.38,1.934707061198114,5.680423141532918,10.954532614928397,0.945798894552105,2.668,2.436,0.0,0.05,1.778228,1.23125,ct_21_68,non_satellite
12304000,12306000,2000,0.3495,1.929927195655214,5.673453757796941,10.95151753955151,0.9183844338404498,2.636,2.412,0.0,0.025,1.682329,0.92,ct_21_68,non_satellite
12312000,12314000,2000,0.3945,1.9657780394959117,5.753870616051492,10.955537640054024,0.9649890170502636,2.704,2.46,0.0,0.125,1.808852,1.22,ct_21_68,non_satellite
12320000,12322000,2000,0.3105,1.8931713288672951,5.591751074309666,10.95252256467714,0.9211258799116152,2.604,2.432,0.0,0.125,1.607838,0.7571420917510986,ct_21_68,non_satellite
12328000,12330000,2000,0.641,1.9192590305103332,5.397153523555341,10.807159926770368,0.8333996056343186,2.432,2.304,0.0,0.0,1.547672,1.8649991159439088,ct_21_68,non_satellite
12336000,12338000,2000,0.389,1.8941127579372752,5.556555993791161,10.95754769030528,0.9129015416981188,2.656,2.372,0.0,0.825,0.273003,0.0,ct_21_68,non_satellite
12344000,12346000,2000,0.363,1.9388888566777769,5.704099522317717,10.948698624740237,0.9348331102674428,2.668,2.456,0.0,0.0,1.539172,2.097526782989502,ct_21_68,non_satellite
12352000,12354000,2000,0.609,1.964042949433053,5.670464291999701,10.95754769030528,0.9238673259827808,2.644,2.44,0.0,0.775,1.825599,3.298718589544296,ct_21_68,non_satellite
12360000,12362000,2000,0.5565,1.9896718412976488,5.747740140365912,10.868213802108889,0.8964528652711256,2.616,2.46,0.0,0.0,1.287415,0.4348513104915619,ct_21_68,non_satellite
12368000,12370000,2000,0.3985,1.9693631072595352,5.759797901891654,10.950133173972535,0.9595061249079324,2.712,2.46,0.0,0.0,1.748843,0.6181252574920655,ct_21_68,non_satellite
12376000,12378000,2000,0.429,1.9846517851276435,5.780074802375775,10.95754769030528,0.945798894552105,2.696,2.464,0.0,0.55,1.901195,0.9620834493637085,ct_21_68,non_satellite
12384000,12386000,2000,0.3725,1.9509751525938153,5.760571713590845,10.95654266517965,0.945798894552105,2.7,2.448,0.0,0.15,1.523661,0.40416651248931884,ct_21_68,non_satellite
12392000,12394000,2000,0.3285,1.8808201334610957,5.528207919436488,10.95754769030528,0.9183844338404498,2.624,2.408,0.0,0.775,1.328932,1.5242425379753113,ct_21_68,non_satellite
12400000,12402000,2000,0.6445,1.843730719282343,5.001405244474397,10.590651108017516,0.7264832088588632,2.152,2.04,0.0,0.0,1.324213,4.067584211826325,ct_21_68,non_satellite
12408000,12410000,2000,0.4615,1.990462254177732,5.888153035872658,10.906234557672894,0.9485403406232704,2.668,2.504,0.0,0.0,1.510908,1.5149989686012268,ct_21_68,non_satellite
12416000,12418000,2000,0.6415,1.9276061373621551,5.568982091651131,10.491749434076254,0.704551640289539,2.168,2.128,0.0,0.0,0.987103,0.9857132892608642,gsat_21_8(GSATX),gsat
12424000,12426000,2000,0.4925,1.9974151469393928,5.880363795919015,10.89784279386653,0.9293502181251118,2.644,2.452,0.0,0.0,1.239382,1.1772919225692748,ct_21_69(q_arm),non_satellite
12432000,12434000,2000,0.3345,1.907729808002513,5.607608212951742,10.919716427734857,0.8909699731287946,2.608,2.424,0.0,0.0,1.473102,1.4385414152145386,ct_21_69(q_arm),non_satellite
12440000,12442000,2000,0.4475,1.9622722220733375,5.594044128159684,10.48954149264246,0.8224338213496565,2.372,2.228,0.0,0.0,1.356315,2.22348468542099,ct_21_69(q_arm),non_satellite
12448000,12450000,2000,0.396,1.9631507021626375,5.742116021790881,10.79142891672279,0.9129015416981188,2.616,2.416,0.0,0.0,1.360454,0.6888882122039794,ct_21_69(q_arm),non_satellite
12456000,12458000,2000,0.4275,1.962457009999472,5.7446818675801525,10.945733733016672,0.9348331102674428,2.656,2.448,0.0,0.0,1.362667,0.8875,ct_21_69(q_arm),non_satellite
12464000,12466000,2000,0.413,1.970679451258164,5.79561913675993,10.958552715430908,0.9595061249079324,2.724,2.432,0.0,1.0,1.65224,0.0,ct_21_69(q_arm),non_satellite
12472000,12474000,2000,0.4155,1.9775981122854265,5.779546726136784,10.940708607388537,0.9156429877692842,2.58,2.464,0.0,0.0,1.530692,3.2571395645141603,ct_21_69(q_arm),non_satellite
12480000,12482000,2000,0.302,1.8716396027319957,5.5172094338477535,10.92840196166207,0.8991943113422911,2.58,2.38,0.0,0.0,1.340861,0.0,ct_21_69(q_arm),non_satellite
12488000,12490000,2000,0.4005,1.9629819442066057,5.725588935372436,10.93440510346859,0.9238673259827808,2.688,2.444,0.0,0.0,1.49255,0.0,ct_21_69(q_arm),non_satellite
12496000,12498000,2000,0.3365,1.896396209224286,5.563385824472951,10.95252256467714,0.9156429877692842,2.632,2.448,0.0,0.25,1.707061,0.0,ct_21_69(q_arm),non_satellite
12504000,12506000,2000,0.2455,1.8038020878204024,5.227573943728413,10.507591642792809,0.7785706842110082,2.3,2.22,0.0,0.0,1.326644,0.0,ct_21_69(q_arm),non_satellite
12512000,12514000,2000,0.384,1.90259291069529,5.5814446409362155,10.95654266517965,0.9156429877692842,2.632,2.404,0.0,0.65,0.209597,0.0,ct_21_69(q_arm),non_satellite
12520000,12522000,2000,0.3085,1.8748909644620315,5.526811008782319,10.954532614928391,0.8991943113422911,2.616,2.412,0.0,0.475,1.587982,3.4791634559631346,ct_21_69(q_arm),non_satellite
12528000,12530000,2000,0.3675,1.948316195163614,5.743079530131596,10.950133173972532,0.9375745563386084,2.676,2.468,0.0,0.0,1.423914,1.3083359785079955,ct_21_69(q_arm),non_satellite
12536000,12538000,2000,0.336,1.892491043304537,5.560980943566249,10.95252256467714,0.9183844338404498,2.628,2.408,0.0,0.25,1.191621,1.8944425835609435,ct_21_69(q_arm),non_satellite
12544000,12546000,2000,0.385,1.9169924087544783,5.6147079754050075,10.923376836033922,0.9101600956269532,2.668,2.396,0.0,0.0,0.285272,1.6999982814788819,ct_21_69(q_arm),non_satellite
12552000,12554000,2000,0.2835,1.856891677270979,5.506815704988124,10.953527589802766,0.9101600956269532,2.648,2.4,0.0,0.325,1.824564,3.792858211517334,ct_21_69(q_arm),non_satellite
12560000,12562000,2000,0.2975,1.8768296513192144,5.5462425102909885,10.958552715430908,0.9211258799116152,2.632,2.44,0.0,1.0,1.822635,3.1833302063941957,ct_21_69(q_arm),non_satellite
12568000,12570000,2000,0.3555,1.938808694791459,5.733421740175566,10.832115710167436,0.8827456349152979,2.512,2.448,0.0,0.0,1.269185,2.5099982810020447,ct_21_69(q_arm),non_satellite
12576000,12578000,2000,0.405,1.9581281984253949,5.770854757555208,10.947497439049002,0.9540232327656016,2.7,2.452,0.0,0.0,1.532974,0.0,ct_21_69(q_arm),non_satellite
12584000,12586000,2000,0.3815,1.9561927477849912,5.745362582092979,10.903976867281353,0.9430574484809394,2.664,2.448,0.0,0.0,1.388431,0.5416664600372314,ct_21_69(q_arm),non_satellite
12592000,12594000,2000,0.3815,1.9572544628963888,5.744309128401908,10.917142478266806,0.9129015416981188,2.628,2.448,0.0,0.0,1.188067,0.5880946435928345,ct_21_69(q_arm),non_satellite
12600000,12602000,2000,0.4175,1.9787032463415772,5.818699441646505,10.916038464710244,0.940316002409774,2.684,2.468,0.0,0.0,1.399281,1.482610107421875,ct_21_69(q_arm),non_satellite
12608000,12610000,2000,0.374,1.952601068324609,5.758219650055697,10.95754769030528,0.945798894552105,2.716,2.468,0.0,0.65,1.668898,0.4305559086799622,ct_21_69(q_arm),non_satellite
12616000,12618000,2000,0.4495,1.992271774657168,5.906620660012779,10.94649241392337,0.9649890170502636,2.736,2.516,0.0,0.0,1.880822,1.061249857902527,ct_21_69(q_arm),non_satellite
12624000,12626000,2000,0.406,1.9665682882467184,5.807840790712249,10.953527589802768,0.9595061249079324,2.712,2.484,0.0,0.0,1.189022,1.2722223544120788,ct_21_69(q_arm),non_satellite
12632000,12634000,2000,0.358,1.9314899262166332,5.715451209813621,10.955537640054022,0.951281786694436,2.668,2.468,0.0,0.175,1.651946,0.8180266752243042,ct_21_69(q_arm),non_satellite
12640000,12642000,2000,0.3445,1.9205853334398864,5.666187307064422,10.94548738879774,0.9293502181251118,2.676,2.488,0.0,0.0,1.497175,2.4442317066192625,ct_21_69(q_arm),non_satellite
12648000,12650000,2000,0.317,1.8998654996245392,5.6232155986405035,10.95654266517965,0.9293502181251118,2.648,2.452,0.0,0.6,1.816625,5.691389272451401,ct_21_69(q_arm),non_satellite
12656000,12658000,2000,0.358,1.9404851001590155,5.755538913951765,10.95654266517965,0.9485403406232704,2.724,2.48,0.0,0.275,1.862064,2.7954535427093505,ct_21_69(q_arm),non_satellite
12664000,12666000,2000,0.3985,1.968784183164095,5.815186703168484,10.954153274475049,0.9348331102674428,2.68,2.48,0.0,0.125,1.574188,2.33125,ct_21_69(q_arm),non_satellite
12672000,12674000,2000,0.3705,1.883188198857963,5.547759549988554,10.955537640054022,0.9183844338404498,2.652,2.432,0.0,0.55,0.464637,1.38,ct_21_69(q_arm),non_satellite
12680000,12682000,2000,0.3595,1.9140303727526455,5.644992212839489,10.946492413923377,0.9375745563386084,2.684,2.432,0.0,0.0,1.681317,0.0,ct_21_69(q_arm),non_satellite
12688000,12690000,2000,0.3755,1.9387382700399576,5.734748122615679,10.86201345214526,0.9101600956269532,2.62,2.408,0.0,0.0,1.382995,1.5698990030288695,ct_21_69(q_arm),non_satellite
12696000,12698000,2000,0.359,1.9415347917191,5.683441397858007,10.95754769030528,0.9485403406232704,2.664,2.452,0.0,0.5,1.702952,4.33915812087059,ct_21_69(q_arm),non_satellite
12704000,12706000,2000,0.401,1.9697136925449863,5.8041974925814515,10.932668406383517,0.9430574484809394,2.66,2.5,0.0,0.0,1.46189,12.160811459064483,ct_21_69(q_arm),non_satellite
12712000,12714000,2000,0.3705,1.949917245989885,5.752062340063284,10.948502464174624,0.945798894552105,2.688,2.416,0.0,0.0,1.630521,2.08,ct_21_69(q_arm),non_satellite
12720000,12722000,2000,0.386,1.9595711435896348,5.786136905494954,10.955158299600674,0.9348331102674428,2.684,2.472,0.0,0.075,1.244186,0.0,ct_21_69(q_arm),non_satellite
12728000,12730000,2000,0.3345,1.9155244974867132,5.671691415744585,10.95151753955151,0.940316002409774,2.628,2.472,0.0,0.025,1.523027,0.0,ct_21_69(q_arm),non_satellite
12736000,12738000,2000,0.3345,1.917027470309462,5.66021655715755,10.9237421482179,0.9320916641962772,2.652,2.428,0.0,0.0,1.679708,0.0,ct_21_69(q_arm),non_satellite
12744000,12746000,2000,0.339,1.9149438457318777,5.662910256855675,10.955537640054024,0.9348331102674428,2.628,2.44,0.0,0.225,1.800587,0.9941171445846557,ct_21_69(q_arm),non_satellite
12752000,12754000,2000,0.3355,1.8790450610452667,5.529160334660025,10.953527589802766,0.9101600956269532,2.58,2.4,0.0,0.25,0.811349,0.49045458793640134,ct_21_69(q_arm),non_satellite
12760000,12762000,2000,0.412,1.9650092534516408,5.705643715807405,10.921233789548264,0.9348331102674428,2.6,2.424,0.0,0.0,1.260919,3.371425259590149,ct_21_69(q_arm),non_satellite
12768000,12770000,2000,0.3505,1.909242991035999,5.604349459834872,10.902621575275727,0.904677203484622,2.64,2.432,0.0,0.0,0.811801,0.0,ct_21_69(q_arm),non_satellite
12776000,12778000,2000,0.3415,1.9241695402479972,5.694142931809348,10.947497439048998,0.9348331102674428,2.696,2.46,0.0,0.0,1.368188,2.0208330526351928,ct_21_69(q_arm),non_satellite
12784000,12786000,2000,0.3375,1.873828460052411,5.523208377050023,10.954532614928397,0.9129015416981188,2.652,2.46,0.0,0.525,0.975799,2.0459091091156005,ct_21_69(q_arm),non_satellite
12792000,12794000,2000,0.385,1.92093906472022,5.645268558037066,10.952143224223793,0.9320916641962772,2.712,2.436,0.0,0.0,0.640139,0.7192309715747833,ct_21_69(q_arm),non_satellite
12800000,12802000,2000,0.3875,1.951494034076659,5.755249006943006,10.958552715430908,0.945798894552105,2.668,2.468,0.0,1.0,1.787004,1.5566674089431762,ct_21_69(q_arm),non_satellite
12808000,12810000,2000,0.3985,1.968250928066255,5.764309263901799,10.94421637120328,0.9348331102674428,2.676,2.468,0.0,0.0,1.875893,1.5124994230270385,ct_21_69(q_arm),non_satellite
12816000,12818000,2000,0.4025,1.9717859558915651,5.784922335432752,10.933256888080336,0.956764678836767,2.712,2.46,0.0,0.0,1.418145,0.0,ct_21_69(q_arm),non_satellite
12824000,12826000,2000,0.3835,1.958505077126424,5.770176870575123,10.958552715430908,0.9649890170502636,2.712,2.476,0.0,1.0,1.91064,0.0,ct_21_69(q_arm),non_satellite
12832000,12834000,2000,0.3805,1.9567035797833712,5.761419266353608,10.955537640054022,0.9485403406232704,2.692,2.452,0.0,0.15,1.723599,0.0,ct_21_69(q_arm),non_satellite
12840000,12842000,2000,0.3285,1.9096329061220192,5.638259847054458,10.95654266517965,0.9238673259827808,2.632,2.444,0.0,0.55,1.655908,0.4875,ct_21_69(q_arm),non_satellite
12848000,12850000,2000,0.412,1.9717775146639624,5.753313090931767,10.892760817013029,0.9238673259827808,2.664,2.424,0.0,0.0,1.405411,4.06667488861084,ct_21_69(q_arm),non_satellite
12856000,12858000,2000,0.3635,1.945530666706216,5.7149123782642,10.958552715430908,0.9293502181251118,2.668,2.468,0.0,1.0,1.723411,0.0,ct_21_69(q_arm),non_satellite
12864000,12866000,2000,0.4555,1.9853734651729251,5.840538656803579,10.858789235524895,0.904677203484622,2.628,2.42,0.0,0.0,1.00117,0.16428554821014404,ct_21_69(q_arm),non_satellite
12872000,12874000,2000,0.35,1.9300313878499684,5.706822118285518,10.955537640054022,0.9348331102674428,2.684,2.472,0.0,0.225,1.692813,0.0,ct_21_69(q_arm),non_satellite
12880000,12882000,2000,0.338,1.9189553110809068,5.67554327905519,10.942472313420865,0.9156429877692842,2.628,2.468,0.0,0.0,1.455393,0.7833349170684815,ct_21_69(q_arm),non_satellite
12888000,12890000,2000,0.3715,1.9510001658365488,5.7667857898089725,10.92118360589493,0.9238673259827808,2.66,2.448,0.0,0.0,1.594895,2.2539659929275513,ct_21_69(q_arm),non_satellite
12896000,12898000,2000,0.374,1.9453910373138656,5.734815594265842,10.926434048616388,0.9266087720539464,2.656,2.448,0.0,0.0,1.198624,1.645,ct_21_69(q_arm),non_satellite
12904000,12906000,2000,0.3765,1.955479337915358,5.739380556247672,10.958552715430908,0.956764678836767,2.716,2.476,0.0,1.0,1.908588,1.3374994897842407,ct_21_69(q_arm),non_satellite
12912000,12914000,2000,0.433,1.986937014843792,5.82575291881858,10.936442162667088,0.9375745563386084,2.68,2.488,0.0,0.0,1.660222,0.0,ct_21_69(q_arm),non_satellite
12920000,12922000,2000,0.393,1.9639745854303283,5.756459605396133,10.93543713754146,0.9320916641962772,2.676,2.44,0.0,0.0,1.582966,2.070628871917725,ct_21_69(q_arm),non_satellite
12928000,12930000,2000,0.365,1.9459942885282344,5.7010704395373555,10.95151753955151,0.9485403406232704,2.668,2.42,0.0,0.0,1.841559,0.9318173265457154,ct_21_69(q_arm),non_satellite
12936000,12938000,2000,0.3705,1.950068692335063,5.757143017380014,10.9137996249656,0.9375745563386084,2.704,2.476,0.0,0.0,1.52691,1.0000000953674317,ct_21_69(q_arm),non_satellite
12944000,12946000,2000,0.3125,1.8930136124635104,5.595508210780896,10.933427087290209,0.9019357574134566,2.588,2.424,0.0,0.0,1.631628,0.6653848025798798,ct_21_69(q_arm),non_satellite
12952000,12954000,2000,0.386,1.9618525755172225,5.762904083556331,10.951138199098162,0.956764678836767,2.688,2.496,0.0,0.0,1.730215,0.183333420753479,ct_21_69(q_arm),non_satellite
12960000,12962000,2000,0.365,1.9437053703224456,5.744944149769782,10.890463664212968,0.9375745563386084,2.66,2.428,0.0,0.0,1.600683,1.6907968783378602,ct_21_69(q_arm),non_satellite
12968000,12970000,2000,0.3065,1.887446001080928,5.578090767774876,10.90729643402387,0.8964528652711256,2.636,2.44,0.0,0.0,1.590576,1.72,ct_21_69(q_arm),non_satellite
12976000,12978000,2000,0.439,1.972051342025683,5.786164820518181,10.958552715430908,0.951281786694436,2.644,2.448,0.0,1.0,0.731104,0.0,ct_21_69(q_arm),non_satellite
12984000,12986000,2000,0.373,1.949054611802049,5.747135237608685,10.955537640054022,0.9348331102674428,2.656,2.456,0.0,0.35,1.843665,1.6749999508857727,ct_21_69(q_arm),non_satellite
12992000,12994000,2000,0.3625,1.9430509178516324,5.741046038019132,10.93769353201165,0.9320916641962772,2.656,2.472,0.0,0.0,1.542284,1.7416701879501342,ct_21_69(q_arm),non_satellite
