chrom,array_name,start,end,span_bp,censat_active,n_windows_2kb,bz2,H11,gc,cenpa_mean,igg_mean,cenpa_over_igg,cenpa_rank,length_rank,homogeneity_rank,passes_legacy_filter
chr1,"hor_1_1(S3C1H2-A,B,C)",121619169,121625213,6044,False,2,2.036,10.318866912640143,0.39675000000000005,0.47110128736038387,0.4340321822381627,1.0854063515084709,7,8,2,False
chr1,"hor_1_2(S3C1H2-A,B)",121625213,121667941,42728,False,11,2.1400000000000006,10.523295826976032,0.4199090909090909,0.4644450952554624,0.6071288195616854,0.7649860792158854,8,5,8,True
chr1,hor_1_3(S3C1H2-B),121667941,121788213,120272,False,30,2.1916,10.61140380927595,0.4311833333333334,0.47867041384542663,0.4654337592413548,1.0284393951690294,6,3,9,True
chr1,hor_1_4(S3C1H2-A),121790362,121796048,5686,False,1,2.14,10.535220619793591,0.4075,0.48124852755562,0.4201810042119303,1.1453362306518944,5,9,7,False
chr1,hor_1_5(S1C1/5/19H1L),121796048,126300487,4504439,True,1126,1.6435843694493784,9.527776971391738,0.39065808170515093,2.7077066439895265,0.4296900990413366,6.301533710063547,1,1,1,True
chr1,hor_1_6(S3C1H2-A),126300487,126590802,290315,False,73,2.0883835616438358,10.463610454456683,0.411972602739726,0.5288184295471574,0.44717814174938325,1.182567706637881,3,2,3,True
chr1,"hor_1_7(S3C1H2-C,D)",126590802,126611405,20603,False,5,2.096,10.350522719964527,0.4185,0.6782769697595324,0.8121792613658628,0.8351320970925268,2,7,4,True
chr1,hor_1_8(S3C1H2-D),126611405,126633161,21756,False,5,2.1112,10.44023783725672,0.4227,0.5168412907415836,0.7080259348297847,0.7299750832797339,4,6,6,True
chr1,hor_1_9(S3C1H2-C),126633161,126701150,67989,False,17,2.100470588235294,10.35762605526744,0.4156470588235294,0.46420556634085997,0.41121528558607545,1.1288626240614117,9,4,5,True
chr2,"hor_2_1(S2C2H2-A,B)",92300802,92307119,6317,False,2,1.996,10.291634587726517,0.37124999999999997,0.47607844392389403,0.4284339582352052,1.1112061375455504,5,5,5,False
chr2,hor_2_2(S2C2H2-B),92307119,92316502,9383,False,2,1.968,10.259165875600406,0.38825,0.6214165495146595,0.5326519131114155,1.1666466114516274,4,4,4,False
chr2,"hor_2_3(S2C2H2-B,S2C2H1L,S2C18H1L,S2C20H1L,S2C20H5d)",92316502,92333543,17041,False,4,1.9620000000000002,10.182339573045807,0.39012500000000006,0.7537220921757621,0.6586906986192921,1.1442731675969755,3,3,3,False
chr2,hor_2_4(S2C2H1L),92333543,94673023,2339480,True,585,1.5388376068376068,9.410809278944287,0.3838350427350427,4.265783849570957,0.42387595632939656,10.063755176186474,1,1,1,True
chr2,hor_2_5(S2C2H2-A),94673023,94695067,22044,False,6,1.9513333333333331,10.180757447286481,0.37925000000000003,1.189351457400128,0.4588963598286018,2.5917648548015326,2,2,2,True
chr3,hor_3_1(S01C3H2),90804701,91480350,675649,False,169,2.0316923076923077,10.34588681385375,0.37660650887573965,0.4139463644068224,0.3378437177876347,1.2252599134225284,4,2,4,True
chr3,hor_3_2(S01/1C3H1L),91738002,92595822,857820,True,214,1.963532710280374,10.197791157553425,0.3827009345794392,5.908255276500337,0.4731548467978463,12.486938084826631,1,1,1,True
chr3,hor_3_3(S01/1C3H1L),92869462,92903106,33644,True,8,1.9655,10.21360491285326,0.3828125,5.297685342355006,0.7569969707446452,6.998291336811773,2,4,2,True
chr3,hor_3_4(S01/1C3H1L),95863469,96415026,551557,True,138,1.9728695652173915,10.22033566245687,0.3843297101449275,3.0794785353854173,0.4796714890555632,6.419974098207665,3,3,3,True
chr4,hor_4_1(S2C4H1L),49705154,50433557,728403,True,182,1.9008571428571426,10.094044977100886,0.37542582417582426,2.5110690135252436,0.380920791943244,6.59210278524094,2,2,2,True
chr4,hor_4_2(S2C4H1L),52115486,54870510,2755024,True,689,1.8795007256894047,10.054077580226176,0.3759506531204644,2.7416431748546595,0.33558344394680034,8.169780793146902,1,1,1,True
chr4,hor_4_3(S2C4H1L),54980290,55199795,219505,True,55,1.9551272727272726,10.197624659155952,0.37388181818181815,0.7994527196298855,0.5103128225120988,1.566593439087907,3,3,3,True
chr4,hor_4_4(S5C4H2),55199795,55303192,103397,False,26,1.999230769230769,10.259245575241685,0.40378846153846154,0.47036185887304527,0.36427180686852195,1.2912387124233713,4,4,4,True
chr5,hor_5_1(S5C5/19H5),46684449,46751595,67146,False,17,2.071058823529412,10.409100546800538,0.3918823529411765,0.4105469102578437,0.37081664140450904,1.1071426263472206,6,5,8,True
chr5,hor_5_2(S5C5H6),46751595,46752951,1356,False,0,2.1533923303834808,9.893097197553944,0.37831858407079644,0.42960901156199716,0.4052016581449888,1.060235077834442,5,9,9,False
chr5,hor_5_3(S1C5H2),46830042,47039134,209092,False,52,2.0069230769230773,10.304508176507735,0.38593269230769234,0.5262820031096165,0.33678204610023377,1.5626783232767205,3,4,5,True
chr5,hor_5_4(S1C1/5/19H1L),47039134,47049663,10529,True,3,1.6906666666666668,9.640624483637191,0.3926666666666667,1.4381924063768332,0.6912355029675817,2.080611311488558,2,8,2,False
chr5,hor_5_5(S1C5H2),47049663,47077202,27539,False,7,2.0091428571428573,10.312802040396491,0.3876428571428571,0.5166323856441858,0.34045052157732614,1.5174962377810417,4,7,6,True
chr5,hor_5_6(S1C1/5/19H1L),47077202,49596625,2519423,True,630,1.5967238095238094,9.502024393740584,0.3912333333333333,3.7614106026395686,0.5362180353181618,7.014703637127307,1,1,1,True
chr5,hor_5_7(S5C5H6),50121284,50449725,328441,False,82,1.8884390243902436,10.100696060825472,0.38195121951219513,0.3603700997534106,0.3266508281130073,1.103227265135657,8,2,3,True
chr5,hor_5_8(S5C5/19H7-B),50532291,50597029,64738,False,16,1.98675,10.263530890977625,0.38703125,0.38578235832746477,0.4133673080341959,0.9332677036364734,7,6,4,True
chr5,hor_5_9(S5C5/19H4-B),50664972,50962194,297222,False,74,2.0501081081081076,10.369427946127551,0.39475,0.3517423281148209,0.4020270784415613,0.8749219815698315,9,3,7,True
chr7,hor_7_1(S5C7H2),59612912,59816928,204016,False,51,1.9705882352941178,10.23473743158177,0.37805882352941184,0.3992058535494605,0.37626302385417204,1.0609755097917364,2,2,2,True
chr7,hor_7_2(S1C7H1L),60414372,63714499,3300127,True,825,1.5187199999999998,9.486637457290225,0.389949696969697,2.6773828725669047,0.3917246221915364,6.834859799182549,1,1,1,True
chr10,hor_10_1(S1C10H1L),39633793,41664589,2030796,True,508,1.727732283464567,9.802022431878553,0.38140748031496063,4.1724056972685135,0.4287057936124371,9.732561956091718,1,1,1,True
chr10,hor_10_2(S1C10H1-B),41664589,41779242,114653,False,29,1.919448275862069,10.156892456896028,0.3786034482758621,0.6384581646338918,0.3765566347944436,1.6955169704616044,3,2,2,True
chr10,hor_10_3(S1C10H1-C),41779242,41881070,101828,False,25,1.9252799999999999,10.144707370683214,0.38144,0.5637220271808053,0.39981272736522117,1.4099651876911268,4,3,3,True
chr10,hor_10_4(S1C10H2),41881070,41926237,45167,False,11,1.9258181818181819,10.179675460220672,0.38145454545454544,0.7291127104180001,0.3994607755789307,1.8252423141203569,2,4,4,True
chr11,hor_11_1(S3C11H2),51023358,51035789,12431,False,3,2.08,10.461587913214714,0.409,0.5102617855899035,0.4854931656803746,1.0510174430052337,5,5,3,False
chr11,"hor_11_2(S3C11H1L,S3C11H3d)",51035789,51061948,26159,True,7,1.9719999999999998,10.21159837847081,0.39542857142857146,0.5578965978423017,0.3971096485553566,1.4048930814747798,3,3,2,True
chr11,hor_11_3(S3C11H1L),51061948,54413484,3351536,True,838,1.7487684964200476,9.74144171442101,0.40048150357995227,2.6666745698748366,0.41819077525058723,6.376693910277956,1,1,1,True
chr11,hor_11_4(S3C11H2),54413484,54443345,29861,False,7,2.113142857142857,10.535106629407723,0.4150714285714286,0.5803386642997485,0.4153085105533574,1.3973676184157766,2,2,5,True
chr11,hor_11_5(S3C11H2),54450838,54476419,25581,False,6,2.111333333333333,10.559139016910311,0.4133333333333333,0.5220673740630106,0.6500715440697873,0.8030921808922696,4,4,4,True
chr12,hor_12_1(S1C12H2),34593492,34620838,27346,False,7,1.9182857142857144,10.137100784214315,0.37314285714285716,0.8673750251315816,0.4558769146111665,1.902651784575221,2,2,2,True
chr12,hor_12_2(S1C12H1L),34620838,37202490,2581652,True,645,1.6975379844961238,9.745788476374553,0.3853263565891473,3.301587741979438,0.41964032091214837,7.867660893030879,1,1,1,True
chr13,hor_13_1(S4/6C13/14/21H1),11155531,11191439,35908,False,9,1.9995555555555558,10.31138533769821,0.3661111111111111,0.3673893977807298,0.3965078342975338,0.9265627712794348,4,2,4,True
chr13,hor_13_2(S5C13/14/21H2),11812455,11831237,18782,False,5,1.8144000000000002,9.978608749537122,0.38020000000000004,0.4015854358222459,0.41416558394266667,0.9696253174861524,3,3,2,True
chr13,hor_13_3(S2C13/21H1L),15547593,17498291,1950698,True,488,1.8117213114754098,9.884295072213037,0.3869200819672131,3.8416559400039803,0.37383636355095073,10.276303523588055,1,1,1,True
chr13,hor_13_4(S2C13/21H1-B),17498291,17508596,10305,False,3,1.9080000000000001,10.08991834717928,0.37566666666666665,1.0977909054124546,0.481460693558115,2.280125709327391,2,4,3,False
chr14,hor_14_1(S5C13/14/21H2),7445759,7524140,78381,False,20,1.8448,10.060994202085741,0.37760000000000005,0.3664074274166034,0.41968970035138053,0.8730436489383296,3,2,2,True
chr14,hor_14_2(S4/6C13/14/21H1),8146948,8220303,73355,False,18,2.000222222222222,10.301351995948503,0.36708333333333326,0.36868825765266605,0.3946188933817806,0.9342894216065132,2,3,3,True
chr14,hor_14_3(S2C14/22H1L),10092112,12708411,2616299,True,654,1.8080305810397554,9.904828712464731,0.39040596330275235,2.565713505780831,0.410946980197828,6.243417349230084,1,1,1,True
chr15,hor_15_1(S4C15H3-B),15415981,15493810,77829,False,19,2.0134736842105263,10.365535333190572,0.37863157894736843,0.3533655227485144,0.45352643460390074,0.7791508846824673,3,4,4,True
chr15,hor_15_2(S4C15H3-A),15493810,15692696,198886,False,50,1.9948799999999998,10.343407888564505,0.37599000000000005,0.34684098965203486,0.37103990387431046,0.9347808309305918,4,3,2,True
chr15,hor_15_3(S4C15H2),15996634,16555605,558971,False,140,2.004885714285714,10.32817041149415,0.3785928571428571,0.45476200850254317,0.37109849627170965,1.2254482652755807,2,2,3,True
chr15,hor_15_4(S2C15H1L),16678794,17694466,1015672,True,254,1.8284094488188976,9.97509205435456,0.37857283464566927,5.250285755591649,0.4596516644696174,11.42231424670211,1,1,1,True
chr16,hor_16_1(S2C16H2-A),35834066,35841873,7807,False,2,1.888,10.112234729193336,0.3815,0.8510101872903216,0.31296659969590274,2.7191725510556544,5,5,4,False
chr16,hor_16_2(S2C16H2-A),35844950,35848286,3336,False,1,1.824,10.026332611824946,0.383,1.094849600923433,0.3856606727256049,2.8388935620158797,3,7,2,False
chr16,"hor_16_3(S1C16H1L,S1C1/5/19H1L)",35848286,35854528,6242,True,2,1.874,10.077210641018006,0.38375000000000004,1.5333771262937386,0.3617973264183841,4.2382212756335695,2,6,3,False
chr16,hor_16_4(S1C16H1L),35854528,37793352,1938824,True,485,1.745055670103093,9.796158888116395,0.3948268041237113,3.8616807357224956,0.43756677728927035,8.825351777494713,1,1,1,True
chr16,"hor_16_5(S1C16H1L,S1C1/5/19H1L)",37793352,37829521,36169,True,9,1.916888888888889,10.111222408201693,0.38833333333333336,1.064999140997716,0.391595607843573,2.7196401585360506,4,2,5,True
chr16,"hor_16_6(S2C16H2-B,A)",37829521,37841225,11704,False,3,1.9320000000000002,10.218081787447101,0.3835,0.5972334295969586,0.3551057736304673,1.6818465762780188,6,3,6,False
chr16,hor_16_7(S2C16H2-B),37841225,37851967,10742,False,3,2.0413333333333337,10.347975054943419,0.3886666666666667,0.5531983329522456,0.4117832385451628,1.3434212011802733,7,4,7,False
chr17,hor_17_1(S3C17H1-B),23433372,23892419,459047,False,115,2.1240000000000006,10.55958625722846,0.4102608695652174,0.6548391594597501,0.44224608597417103,1.4807121650772403,2,2,3,True
chr17,hor_17_2(S3C17H1L),23892419,27486939,3594520,True,899,2.017187986651835,10.346279958533161,0.4075072302558398,2.302988630846603,0.4557111109826401,5.053615273677918,1,1,1,True
chr17,hor_17_3(S3C17H1-C),27486939,27571319,84380,False,21,2.08,10.397548216280544,0.4024761904761905,0.5358739955762123,0.44459010643391295,1.2053214586228505,3,3,2,True
chr18,hor_18_1(S2C18H2-A),15641581,15942313,300732,False,75,2.0311466666666664,10.323388083677619,0.39843999999999996,0.534290811881648,0.48946244955705853,1.0915869284051454,9,2,8,True
chr18,"hor_18_2(S2C18H2-B,A)",15942313,15962808,20495,False,5,2.1159999999999997,10.488093183554536,0.38639999999999997,0.5350058605566813,0.4962615583241931,1.0780723422610496,8,6,9,True
chr18,hor_18_3(S2C18H2-D),15962808,15966041,3233,False,1,1.912,10.173175768752143,0.389,0.5665589418161996,0.49511719477313093,1.1442925994032669,6,9,4,False
chr18,"hor_18_4(S2C18H1L,S2C20H2)",15966041,15971633,5592,True,1,1.9,10.03540440264063,0.3905,0.7834230618010434,0.42486417529110576,1.843937680234542,2,8,3,False
chr18,hor_18_5(S2C18H1L),15971633,20740248,4768615,True,1192,1.8492852348993287,9.889973213240166,0.3967265100671141,1.742899783429341,0.42589528499737134,4.092319978231499,1,1,1,True
chr18,"hor_18_6(S2C18H1L,S2C20H2)",20740248,20933550,193302,True,48,1.88975,9.983602347295891,0.39444791666666673,0.7680068916447813,0.45927302601277464,1.6722229439693226,3,3,2,True
chr18,hor_18_7(S2C18H2-D),20933550,21015538,81988,False,20,1.9258000000000002,10.176587327113573,0.39155000000000006,0.6765148709557399,0.44188255695337225,1.5309834260489406,5,5,5,True
chr18,"hor_18_8(S2C18H2-B,D)",21015538,21024664,9126,False,2,1.978,10.245410573105357,0.38325,0.7102439516394802,0.41893846409874164,1.6953419475755735,4,7,6,False
chr18,"hor_18_9(S2C18H2-B,E)",21024664,21121235,96571,False,24,2.0096666666666665,10.296639510165507,0.3850625000000001,0.5458291787424082,0.46682040150003307,1.1692487667387639,7,4,7,True
chr19,hor_19_1(S5C5/19H4-A),24570766,24655575,84809,False,21,1.9859047619047618,10.269522827121152,0.38676190476190486,0.3439703829483999,0.38060985216393234,0.9037348376369629,14,4,7,True
chr19,hor_19_2(S5C5/19H4-B),24655575,25214335,558760,False,140,2.0724285714285715,10.425995212485548,0.3963321428571429,0.3702065202078484,0.3650560790728719,1.0141086299618869,12,2,13,True
chr19,hor_19_3(S5C5/19H4-A),25214335,25231037,16702,False,4,2.018,10.298888460505648,0.37812500000000004,0.39924937718614906,0.47849029708002844,0.8343938834759147,11,9,11,False
chr19,"hor_19_4(S5C5/19H7-A,B)",25305836,25329854,24018,False,6,1.997333333333333,10.315724380691057,0.3860833333333334,0.3689114491834719,0.3701079510172814,0.9967671544733887,13,7,9,True
chr19,hor_19_5(S5C5/19H7-A),25329854,25540889,211035,False,53,1.9650566037735846,10.234939137243707,0.38540566037735857,0.39927779604812413,0.377678428336483,1.0571898368852501,10,3,5,True
chr19,"hor_19_6(S5C5/19H7-A,B)",25540889,25621289,80400,False,20,2.0026,10.318324409669133,0.38305,0.41866499764338383,0.3442403835869749,1.216199544286195,9,5,10,True
chr19,"hor_19_7(S5C5/19H5,S5C5H6)",25690098,25698948,8850,False,2,1.976,10.239666215570786,0.3795,0.5671636844085435,0.4509213045289961,1.2577886179074347,7,10,6,False
chr19,hor_19_8(S5C5/19H5),25698948,25740136,41188,False,10,2.1008,10.484379638488338,0.4005500000000001,0.5175537876485524,0.5014735773713729,1.0320659173340077,8,6,14,True
chr19,hor_19_9(S1C5H2),25818021,25821757,3736,False,1,1.992,10.339208123901122,0.3775,0.8971330147930591,0.4067640547786203,2.2055366108525005,5,13,8,False
chr19,"hor_19_10(S1C1/5/19H1L,S1C16H1L)",25821757,25826338,4581,True,1,1.764,9.783877317286532,0.3895,1.0368521416767589,0.5984758483390312,1.7324878598766635,3,11,3,False
chr19,hor_19_11(S1C5H2),25826338,25828205,1867,False,0,2.0182110337439743,10.156532944401764,0.38189608998393143,0.9729762897813262,0.5074892455106377,1.9172352880154409,4,14,12,False
chr19,"hor_19_12(S1C1/5/19H1L,S1C16H1L)",25828205,25832447,4242,True,1,1.74,9.728566844619143,0.39,1.2756869113990463,0.4673201622953397,2.729792151772879,2,12,2,False
chr19,hor_19_13(S1C1/5/19H1L),25832447,29749519,3917072,True,979,1.3474279877425945,9.000833139518999,0.393100102145046,2.4968017755527963,0.4175163858755553,5.980128828517383,1,1,1,True
chr19,"hor_19_14(S1C1/5/19H1L,S1C16H1L,S1CMH3d)",29749519,29769351,19832,True,5,1.8592,9.999685506216357,0.3907,0.5933516629734507,0.4504561457225468,1.3172240374736028,6,8,4,True
chr20,hor_20_1(S2C20H2),26383658,26925852,542194,False,136,1.8557352941176475,9.964439239739262,0.40513602941176474,0.7871187538607692,0.46332719874711015,1.698839947210586,2,2,4,True
chr20,hor_20_2(S2C20H1L),26925852,29099655,2173803,True,543,1.84046408839779,9.96153213320923,0.392439226519337,3.320250271728951,0.4911978480566327,6.759496778874615,1,1,2,True
chr20,hor_20_3(S02C20H3),29099655,29521051,421396,False,105,1.885485714285714,10.11880941883993,0.38180952380952377,0.4455464135663464,0.3711096666637411,1.200578841213672,4,3,8,True
chr20,hor_20_4(S5C20H6),30663157,30814141,150984,False,38,1.5235789473684211,9.410920845104501,0.37738157894736846,0.4919138954386417,0.32594996208698995,1.509169972866446,3,4,1,True
chr20,hor_20_5(S4C20H8),31725734,31731518,5784,False,1,2.084,10.273085580036629,0.395,0.39269299797950774,0.4050450643594087,0.9695044639059209,7,11,11,False
chr20,hor_20_6(S4C20H7),31731518,31747572,16054,False,4,1.847,10.055526024140587,0.369375,0.3899335511649726,0.3870732167303391,1.007389646999591,9,7,3,False
chr20,hor_20_7(S4C20H7/8),31747572,31761402,13830,False,3,1.858666666666667,10.006608204362495,0.3655,0.42384647409810766,0.2705075848559409,1.566856154232524,5,8,6,False
chr20,hor_20_8(S4C20H8),31761402,31774736,13334,False,3,1.936,10.227799851250849,0.36883333333333335,0.3922904752149063,0.29399578367392487,1.334340480372336,8,9,10,False
chr20,hor_20_9(S4C20H7/8),31774736,31785329,10593,False,3,1.8813333333333333,10.083067359871565,0.36933333333333335,0.4183532627088247,0.3625902785105216,1.1537906212691937,6,10,7,False
chr20,hor_20_10(S4C20H7),31785329,31844271,58942,False,15,1.8573333333333337,10.052372864101027,0.36979999999999996,0.3860267792099213,0.33415971170883985,1.15521640007361,10,6,5,True
chr20,hor_20_11(S4C20H8),31844271,31905998,61727,False,15,1.8965333333333334,10.110118547222857,0.36910000000000004,0.3739272914039242,0.2814460906997128,1.3285929482064955,11,5,9,True
chr21,hor_21_1(S4/6C13/14/21H1),8180694,8253498,72804,False,18,2.0615555555555556,10.398708776440087,0.36772222222222223,0.3647886323941963,0.43981084897729356,0.8294216326005853,6,2,6,True
chr21,hor_21_2(S5C13/14/21H2),8882331,8898215,15884,False,4,1.791,9.950949804632272,0.37725,0.3831437143765238,0.5003259578099166,0.7657881994643327,5,3,1,False
chr21,hor_21_3(S2C13/21H1L),10962853,11294002,331149,True,83,1.8531566265060242,10.006829850903292,0.3881746987951808,12.796744990206085,0.7497754210210107,17.067437303799647,1,1,2,True
chr21,hor_21_4(S2C13/21H1-B),11294002,11297883,3881,False,1,1.944,10.111494629875624,0.3755,1.9675075429765505,0.9450358383681964,2.0819396081040344,3,5,4,False
chr21,hor_21_5(S2C13/21H1L),11297883,11303831,5948,True,1,1.868,10.07974464316742,0.383,4.802290616094785,0.5886220833450736,8.158529474130335,2,4,3,False
chr21,"hor_21_6(S2C13/21H1L,B)",11303831,11306378,2547,True,1,2.02,10.30481137126374,0.3735,1.8140360592953308,0.19240483007432901,9.428225157313047,4,6,5,False
chr22,hor_22_1(S6C22H2-A),8489239,8577557,88318,False,22,2.090181818181818,10.460625097059394,0.37104545454545457,0.3467972027583822,0.3982660995059014,0.8707675676855933,5,4,5,True
chr22,hor_22_2(S6C22H2-B),8577557,8701782,124225,False,31,2.1172903225806454,10.575396382045328,0.3834677419354838,0.33581077276399246,0.3714442757899597,0.9040677018102256,7,3,8,True
chr22,hor_22_3(S6C22H2-A),8701782,8724213,22431,False,6,2.0846666666666667,10.460111012437283,0.3706666666666667,0.3190552409246546,0.41630502626626037,0.7663977631646303,9,8,3,True
chr22,hor_22_4(S6C22H2-B),8724213,8756596,32383,False,8,2.1105,10.573248893449552,0.3840625,0.33807275543225257,0.39593777416575754,0.8538532504118184,6,7,7,True
chr22,hor_22_5(S6C22H2-A),8756596,8811730,55134,False,14,2.086857142857143,10.438290696649412,0.3703214285714286,0.334785962840798,0.3450015077266773,0.970389854371383,8,5,4,True
chr22,hor_22_6(S6C22H2-B),9946504,10138089,191585,False,48,2.13175,10.59738858127845,0.3816458333333334,0.34967232866794035,0.4573203223402767,0.7646113929040768,4,2,9,True
chr22,hor_22_7(S6C22H2-A),10138089,10184152,46063,False,12,2.0909999999999997,10.456337841879602,0.36995833333333333,0.36044770885380395,0.38711549727679845,0.9311115452349709,3,6,6,True
chr22,hor_22_8(S4C22H3),12309119,12320062,10943,False,3,1.864,10.067847713742806,0.3585,0.4400081021181356,0.2629806270337264,1.6731578560792848,2,9,2,False
chr22,hor_22_9(S2C14/22H1L),12788180,15711065,2922885,True,731,1.817734610123119,9.934832560230092,0.3893077975376197,2.4569312246266946,0.40450352380297944,6.073942697773348,1,1,1,True
