species,chrom,in_published_15,n_arrays,n_active_hor,n_dhor,active_span_kb,largest_dhor_kb,size_ratio_active_vs_rival,difficulty,homogeneity_hit,length_hit,model_hit,bz2_best_active,bz2_best_dhor
bonobo,chr11_mat_hsa9,True,4,1,3,2760.9,33.2,83.096,trivial (>20x),True,True,True,1.6746,1.8864
bonobo,chr12_mat_hsa2a,False,2,1,1,186.8,21.8,8.5847,easy (5-20x),False,True,False,1.9989,1.8856
bonobo,chr14_mat_hsa13,False,4,2,2,8.9,9.1,0.9835,hard (<2x),True,False,True,1.396,1.87
bonobo,chr15_mat_hsa14,True,3,1,2,3196.3,1627.3,1.9643,hard (<2x),False,True,False,1.8357,1.8161
bonobo,chr16_mat_hsa15,False,2,1,1,85.5,4.9,17.27,easy (5-20x),True,True,True,1.7808,1.876
bonobo,chr18_mat_hsa16,True,4,1,3,3018.6,21.4,141.0837,trivial (>20x),False,True,False,1.8007,1.732
bonobo,chr20_mat_hsa19,False,2,1,1,6708.9,9.7,690.0732,trivial (>20x),True,True,True,1.4657,1.788
bonobo,chr21_mat_hsa20,True,4,1,3,4115.8,19.0,216.2101,trivial (>20x),True,True,True,1.6348,1.8773
bonobo,chr22_mat_hsa21,False,2,1,1,58.8,8.4,7.0252,easy (5-20x),False,True,False,1.92,1.882
bonobo,chr23_mat_hsa22,True,3,1,2,2304.6,1241.9,1.8557,hard (<2x),True,True,True,1.6629,1.8106
bonobo,chr2_mat_hsa3,False,3,1,2,135.0,392.7,0.3437,hard (<2x),True,False,True,1.9891,2.0445
bonobo,chr5_mat_hsa6,False,3,1,2,52.7,453.7,0.1161,hard (<2x),False,False,True,1.96,1.92
bonobo,chr6_mat_hsa7,False,2,1,1,15.8,6.5,2.4353,moderate (2-5x),False,True,False,1.919,1.782
bonobo,chr8_mat_hsa10,False,3,1,2,1636.7,10.0,163.787,trivial (>20x),True,True,True,1.5629,2.018
bonobo,chrX_mat_hsaX,False,2,1,1,2085.4,13.9,149.7715,trivial (>20x),False,True,False,2.0606,2.012
chimp,chr11_hap1_hsa9,True,4,1,3,1718.7,37.0,46.4767,trivial (>20x),True,True,True,1.8375,1.8982
chimp,chr12_hap1_hsa2a,False,2,1,1,2781.5,26.6,104.7623,trivial (>20x),False,True,True,1.887,1.876
chimp,chr13_hap1_hsa2b,False,3,1,2,835.5,16.0,52.1693,trivial (>20x),True,True,True,1.8102,1.873
chimp,chr14_hap1_hsa13,False,3,1,2,1567.4,24.7,63.3577,trivial (>20x),True,True,True,1.7866,1.816
chimp,chr15_hap1_hsa14,False,2,1,1,1948.1,10.0,194.3227,trivial (>20x),True,True,True,1.5394,1.912
chimp,chr16_hap1_hsa15,False,3,1,2,2063.9,10.7,192.6746,trivial (>20x),True,True,True,1.395,1.868
chimp,chr17_hap1_hsa18,False,3,1,2,2268.0,24.7,91.6738,trivial (>20x),True,True,True,1.5356,1.812
chimp,chr18_hap1_hsa16,False,3,1,2,1649.3,24.4,67.4643,trivial (>20x),True,True,True,1.5621,1.846
chimp,chr20_hap1_hsa19,False,2,1,1,3028.2,7.9,384.922,trivial (>20x),True,True,True,1.5566,1.924
chimp,chr21_hap1_hsa20,True,2,1,1,1980.4,57.2,34.6024,trivial (>20x),True,True,True,1.5348,1.9706
chimp,chr22_hap1_hsa21,False,3,1,2,1542.2,24.7,62.3419,trivial (>20x),False,True,False,1.8286,1.82
chimp,chr23_hap1_hsa22,False,2,1,1,5399.2,44.4,121.5212,trivial (>20x),True,True,True,1.471,1.9545
chimp,chr2_hap1_hsa3,True,4,1,3,1520.4,367.3,4.1397,moderate (2-5x),True,True,True,1.6155,1.9587
chimp,chr3_hap1_hsa4,True,2,1,1,2397.4,75.5,31.7695,trivial (>20x),False,True,False,1.6892,1.4093
chimp,chr5_hap1_hsa6,True,3,1,2,1074.4,300.2,3.5793,moderate (2-5x),False,True,False,1.9924,1.9125
chimp,chr6_hap1_hsa7,False,3,1,2,1650.5,7.5,220.6796,trivial (>20x),True,True,True,1.6034,1.794
chimp,chr7_hap1_hsa8,True,5,1,4,2203.0,77.9,28.2925,trivial (>20x),True,True,True,1.6226,1.866
chimp,chr8_hap1_hsa10,False,3,1,2,1399.1,10.0,139.9251,trivial (>20x),True,True,True,1.5338,2.0
chimp,chrX_hap1_hsaX,False,2,1,1,1650.3,13.9,118.5335,trivial (>20x),False,True,True,2.0209,2.0053
gorilla,chr10_mat_hsa12,False,2,1,1,2707.7,12.0,225.6073,trivial (>20x),True,True,True,1.7194,2.028
gorilla,chr13_mat_hsa9,False,2,1,1,6001.8,15.2,395.9248,trivial (>20x),True,True,True,1.7519,1.915
gorilla,chr15_mat_hsa14,False,2,1,1,5624.8,6.8,823.6677,trivial (>20x),True,True,True,1.7447,1.924
gorilla,chr17_mat_hsa18,False,2,1,1,2243.7,2.6,877.4877,trivial (>20x),True,True,True,1.7797,1.832
gorilla,chr20_mat_hsa19,False,2,1,1,7268.6,11.1,657.5543,trivial (>20x),True,True,True,1.496,1.908
gorilla,chr21_mat_hsa20,False,2,1,1,3902.0,16.2,240.9367,trivial (>20x),True,True,True,1.5264,1.815
gorilla,chr22_mat_hsa21,True,2,1,1,3252.4,34.4,94.5156,trivial (>20x),True,True,True,1.7443,1.8751
gorilla,chr2_mat_hsa3,True,4,1,3,3395.1,364.5,9.3149,easy (5-20x),True,True,True,1.7466,1.936
gorilla,chr5_mat_hsa6,True,3,1,2,4677.9,587.2,7.9672,easy (5-20x),True,True,True,1.6225,1.8536
gorilla,chr6_mat_hsa7,False,3,1,2,5332.5,6.3,846.5569,trivial (>20x),True,True,True,1.6534,1.838
gorilla,chr7_mat_hsa8,True,2,1,1,2303.5,27.0,85.3683,trivial (>20x),True,True,True,1.5639,1.9171
gorilla,chr8_mat_hsa10,False,2,1,1,4139.3,7.3,565.0167,trivial (>20x),True,True,True,1.5897,1.934
gorilla,chrX_mat_hsaX,False,3,1,2,3707.3,10.9,340.0258,trivial (>20x),True,True,True,1.5974,1.904
