chrom,n_competing,bz2_active,bz2_competing_median,bz2_competing_best,delta_median,delta_best
chr1,6,1.635041703637977,2.1075333333333335,2.0899444444444444,0.4724916296953565,0.4549027408064674
chr10,3,1.727716535433071,1.92,1.8770909090909087,0.1922834645669289,0.14937437365783768
chr11,3,1.747747016706444,2.0965714285714285,1.972,0.3488244118649846,0.22425298329355603
chr12,1,1.6997519379844963,1.916,1.916,0.21624806201550362,0.21624806201550362
chr13,2,1.812934426229508,1.9176888888888888,1.8336,0.10475446265938082,0.02066557377049194
chr14,2,1.8104036697247707,1.9030333333333336,1.8474000000000004,0.09262966360856284,0.03699633027522964
chr15,3,1.8307559055118108,2.0062857142857142,1.9937959183673464,0.17552980877390345,0.1630400128555356
chr16,1,1.745435051546392,1.905333333333333,1.905333333333333,0.1598982817869412,0.1598982817869412
chr17,2,2.017797552836485,2.099592546583851,2.075428571428571,0.0817949937473661,0.0576310185920863
chr18,5,1.8465503355704704,1.9881666666666664,1.871916666666667,0.14161633109619598,0.02536633109619646
chr19,7,1.351611848825332,1.9896,1.8592,0.6379881511746681,0.507588151174668
chr2,1,1.5386188034188035,1.9706666666666663,1.9706666666666663,0.4320478632478628,0.4320478632478628
chr20,5,1.8459300184162064,1.8563529411764703,1.515157894736842,0.010422922760263909,-0.33077212367936437
chr21,1,1.84255421686747,2.0646666666666667,2.0646666666666667,0.22211244979919664,0.22211244979919664
chr22,7,1.8166019151846784,2.1013333333333333,2.0706666666666673,0.2847314181486549,0.2540647514819889
chr3,3,1.9645794392523368,1.9727246376811591,1.9573333333333336,0.008145198428822331,-0.0072461059190032096
chr4,3,1.88644412191582,1.954981818181818,1.9005934065934065,0.06853769626599804,0.014149284677586582
chr5,6,1.590615873015873,2.0047051282051283,1.900048192771084,0.4140892551892552,0.3094323197552109
chr7,1,1.5220751515151516,1.970901960784314,1.970901960784314,0.4488268092691623,0.4488268092691623
