chrom,state,R
chr1,active,0.0
chr1,inactive,0.0
chr1,inactive,0.0
chr1,inactive,0.0
chr1,inactive,0.0
chr1,inactive,0.0
chr1,inactive,0.0
chr3,active,0.0
chr3,active,0.0
chr3,active,0.0
chr3,inactive,0.0
chr4,active,0.0
chr4,active,0.0
chr4,active,0.0
chr4,inactive,0.0
chr5,active,0.0
chr5,inactive,0.0
chr5,inactive,0.0
chr5,inactive,0.0
chr5,inactive,0.0
chr5,inactive,0.0
chr5,inactive,0.0
chr7,active,0.0
chr7,inactive,0.0
chr10,active,0.0
chr10,inactive,0.0
chr10,inactive,0.0
chr10,inactive,0.0
chr11,active,0.0
chr11,active,0.0
chr11,inactive,0.0
chr11,inactive,0.0
chr13,active,0.0
chr13,inactive,0.0
chr14,active,0.0
chr14,inactive,0.0
chr14,inactive,0.0
chr15,active,0.0
chr15,inactive,0.0
chr15,inactive,0.0
chr15,inactive,0.0
chr17,active,0.0
chr17,inactive,0.0
chr17,inactive,0.0
chr18,active,0.0
chr18,active,0.0
chr18,inactive,0.0
chr18,inactive,0.0
chr18,inactive,0.0
chr18,inactive,0.0
chr19,active,0.0
chr19,inactive,0.0
chr19,inactive,0.0
chr19,inactive,0.0
chr19,inactive,0.0
chr19,inactive,0.0
chr19,inactive,0.0
chr20,active,0.0
chr20,inactive,0.0
chr20,inactive,0.0
chr20,inactive,0.0
chr20,inactive,0.0
chr20,inactive,0.0
chr21,active,0.0
chr21,inactive,0.0
chr22,active,0.0
chr22,inactive,0.0
chr22,inactive,0.0
chr22,inactive,0.0
chr22,inactive,0.0
chr22,inactive,0.0
chr22,inactive,0.0
chr22,inactive,0.0
