Hhigh_real,Hhigh_shuf,Rshuffle_real,Rshuffle_shuf
8.649567640650929,10.93907789759063,0.0,0.8
10.930804333044541,10.958552715430907,0.0,1.0
10.89597516517313,10.953527589802766,0.0,0.0
10.895595824719793,10.95754769030528,0.0,0.5166666666666667
10.909831884595128,10.95252256467714,0.0,0.016666666666666666
10.93856556090286,10.95754769030528,0.0,0.6
10.915203638794491,10.95754769030528,0.0,0.75
10.794572929021472,10.948502464174625,0.0,0.08333333333333333
10.923376836033926,10.953527589802766,0.0,0.08333333333333333
10.945487388797748,10.955537640054022,0.0,0.38333333333333336
10.893273153700793,10.95654266517965,0.0,0.2
10.744076790351219,10.958552715430907,0.0,1.0
10.86417405335647,10.95754769030528,0.0,0.6
10.909932168947412,10.958552715430907,0.0,1.0
10.862156642407882,10.95654266517965,0.0,0.23333333333333334
10.43996262956161,10.95654266517965,0.0,0.8666666666666667
10.823959020061988,10.95754769030528,0.0,0.7333333333333333
10.942092972967506,10.953148249349418,0.0,0.016666666666666666
9.9377941961774,10.952522564677139,0.0,0.06666666666666667
10.77760578410045,10.954532614928395,0.0,0.16666666666666666
10.786560422714095,10.95654266517965,0.0,0.35
9.461395510051206,10.95754769030528,0.0,0.7333333333333333
10.74556144028247,10.958552715430907,0.0,1.0
10.671017288251782,10.95754769030528,0.0,0.4666666666666667
10.3771220215407,10.954532614928395,0.0,0.8333333333333334
10.921100793313835,10.95754769030528,0.0,0.5166666666666667
10.478341177412132,10.95754769030528,0.0,0.65
10.738239204100404,10.95754769030528,0.0,0.6
10.075934207674601,10.934052771962486,0.0,0.23333333333333334
10.721819823254542,10.95754769030528,0.0,0.4666666666666667
10.721981976016657,10.958552715430907,0.0,1.0
10.954532614928395,10.95754769030528,0.11666666666666667,0.4166666666666667
10.947672572488996,10.95754769030528,0.0,0.7666666666666667
10.949507489300254,10.95654266517965,0.0,0.38333333333333336
10.943273131533136,10.95654266517965,0.0,0.4166666666666667
10.920619615782035,10.954532614928395,0.0,0.13333333333333333
10.953527589802768,10.95754769030528,0.15,0.75
10.955537640054022,10.952522564677139,0.4666666666666667,0.16666666666666666
10.958552715430907,10.954532614928395,1.0,0.16666666666666666
10.945108048344396,10.958552715430907,0.0,1.0
