chrom,name,censat_active,window,period,w_over_period,n_win,bz2
chr1,"hor_1_2(S3C1H2-A,B)",False,1000,171,5.847953216374269,21,2.5154285714285716
chr1,"hor_1_2(S3C1H2-A,B)",False,2000,171,11.695906432748538,11,2.1410909090909094
chr1,"hor_1_2(S3C1H2-A,B)",False,5000,171,29.239766081871345,4,1.5212
chr1,"hor_1_2(S3C1H2-A,B)",False,10000,171,58.47953216374269,2,1.056
chr1,hor_1_3(S3C1H2-B),False,1000,1866,0.5359056806002144,60,2.5193333333333334
chr1,hor_1_3(S3C1H2-B),False,2000,1866,1.0718113612004287,30,2.1924
chr1,hor_1_3(S3C1H2-B),False,5000,1866,2.679528403001072,12,1.4471999999999998
chr1,hor_1_3(S3C1H2-B),False,10000,1866,5.359056806002144,6,1.0150666666666666
chr1,hor_1_3(S3C1H2-B),False,20000,1866,10.718113612004288,3,0.6704
chr1,hor_1_5(S1C1/5/19H1L),True,1000,340,2.9411764705882355,2252,2.1949698046181174
chr1,hor_1_5(S1C1/5/19H1L),True,2000,340,5.882352941176471,1126,1.6437833037300178
chr1,hor_1_5(S1C1/5/19H1L),True,5000,340,14.705882352941176,450,1.003694222222222
chr1,hor_1_5(S1C1/5/19H1L),True,10000,340,29.41176470588235,225,0.6591359999999998
chr1,hor_1_5(S1C1/5/19H1L),True,20000,340,58.8235294117647,113,0.43808849557522117
chr1,hor_1_5(S1C1/5/19H1L),True,50000,340,147.05882352941177,45,0.2693048888888889
chr1,hor_1_6(S3C1H2-A),False,1000,1866,0.5359056806002144,145,2.452855172413793
chr1,hor_1_6(S3C1H2-A),False,2000,1866,1.0718113612004287,73,2.088054794520548
chr1,hor_1_6(S3C1H2-A),False,5000,1866,2.679528403001072,29,1.2808827586206897
chr1,hor_1_6(S3C1H2-A),False,10000,1866,5.359056806002144,15,0.8208
chr1,hor_1_6(S3C1H2-A),False,20000,1866,10.718113612004288,7,0.48308571428571423
chr1,hor_1_6(S3C1H2-A),False,50000,1866,26.79528403001072,3,0.25408000000000003
chr1,"hor_1_7(S3C1H2-C,D)",False,1000,1532,0.6527415143603134,10,2.5311999999999997
chr1,"hor_1_7(S3C1H2-C,D)",False,2000,1532,1.3054830287206267,5,2.0968000000000004
chr1,"hor_1_7(S3C1H2-C,D)",False,5000,1532,3.2637075718015667,2,1.3544
chr1,hor_1_8(S3C1H2-D),False,1000,1530,0.6535947712418301,11,2.5374545454545454
chr1,hor_1_8(S3C1H2-D),False,2000,1530,1.3071895424836601,5,2.1144000000000003
chr1,hor_1_8(S3C1H2-D),False,5000,1530,3.2679738562091503,2,1.3936000000000002
chr1,hor_1_9(S3C1H2-C),False,1000,1530,0.6535947712418301,34,2.5190588235294125
chr1,hor_1_9(S3C1H2-C),False,2000,1530,1.3071895424836601,17,2.1028235294117645
chr1,hor_1_9(S3C1H2-C),False,5000,1530,3.2679738562091503,7,1.4349714285714286
chr1,hor_1_9(S3C1H2-C),False,10000,1530,6.5359477124183005,3,0.9258666666666667
chr1,hor_1_9(S3C1H2-C),False,20000,1530,13.071895424836601,2,0.9418
chr2,"hor_2_3(S2C2H2-B,S2C2H1L,S2C18H1L,S2C20H1L,S2C20H5d)",False,1000,171,5.847953216374269,9,2.416888888888889
chr2,"hor_2_3(S2C2H2-B,S2C2H1L,S2C18H1L,S2C20H1L,S2C20H5d)",False,2000,171,11.695906432748538,4,1.97
chr2,"hor_2_3(S2C2H2-B,S2C2H1L,S2C18H1L,S2C20H1L,S2C20H5d)",False,5000,171,29.239766081871345,2,1.5344
chr2,hor_2_4(S2C2H1L),True,1000,680,1.4705882352941178,1170,2.210023931623932
chr2,hor_2_4(S2C2H1L),True,2000,680,2.9411764705882355,585,1.5392273504273506
chr2,hor_2_4(S2C2H1L),True,5000,680,7.352941176470588,234,0.9378735042735042
chr2,hor_2_4(S2C2H1L),True,10000,680,14.705882352941176,117,0.6350495726495727
chr2,hor_2_4(S2C2H1L),True,20000,680,29.41176470588235,58,0.44039999999999996
chr2,hor_2_4(S2C2H1L),True,50000,680,73.52941176470588,23,0.29135999999999995
chr2,hor_2_5(S2C2H2-A),False,1000,342,2.9239766081871346,11,2.397818181818182
chr2,hor_2_5(S2C2H2-A),False,2000,342,5.847953216374269,6,1.9520000000000002
chr2,hor_2_5(S2C2H2-A),False,5000,342,14.619883040935672,2,1.3664
chr3,hor_3_1(S01C3H2),False,1000,1699,0.5885815185403178,338,2.4611597633136095
chr3,hor_3_1(S01C3H2),False,2000,1699,1.1771630370806356,169,2.031360946745562
chr3,hor_3_1(S01C3H2),False,5000,1699,2.942907592701589,68,1.2727058823529414
chr3,hor_3_1(S01C3H2),False,10000,1699,5.885815185403178,34,0.878070588235294
chr3,hor_3_1(S01C3H2),False,20000,1699,11.771630370806356,17,0.6102823529411764
chr3,hor_3_1(S01C3H2),False,50000,1699,29.42907592701589,7,0.4167314285714286
chr3,hor_3_2(S01/1C3H1L),True,1000,171,5.847953216374269,429,2.3793006993006993
chr3,hor_3_2(S01/1C3H1L),True,2000,171,11.695906432748538,214,1.963607476635514
chr3,hor_3_2(S01/1C3H1L),True,5000,171,29.239766081871345,86,1.3317395348837209
chr3,hor_3_2(S01/1C3H1L),True,10000,171,58.47953216374269,43,0.8573209302325584
chr3,hor_3_2(S01/1C3H1L),True,20000,171,116.95906432748538,21,0.5140190476190476
chr3,hor_3_2(S01/1C3H1L),True,50000,171,292.39766081871346,9,0.2872355555555555
chr3,hor_3_3(S01/1C3H1L),True,1000,2891,0.3459010722933241,17,2.3896470588235292
chr3,hor_3_3(S01/1C3H1L),True,2000,2891,0.6918021445866482,8,1.966
chr3,hor_3_3(S01/1C3H1L),True,5000,2891,1.7295053614666205,3,1.3216
chr3,hor_3_3(S01/1C3H1L),True,10000,2891,3.459010722933241,2,0.8475999999999999
chr3,hor_3_4(S01/1C3H1L),True,1000,2891,0.3459010722933241,276,2.3882028985507247
chr3,hor_3_4(S01/1C3H1L),True,2000,2891,0.6918021445866482,138,1.973913043478261
chr3,hor_3_4(S01/1C3H1L),True,5000,2891,1.7295053614666205,55,1.3473454545454548
chr3,hor_3_4(S01/1C3H1L),True,10000,2891,3.459010722933241,28,0.8705142857142858
chr3,hor_3_4(S01/1C3H1L),True,20000,2891,6.918021445866482,14,0.5290285714285714
chr3,hor_3_4(S01/1C3H1L),True,50000,2891,17.295053614666205,6,0.3002666666666667
chr4,hor_4_1(S2C4H1L),True,1000,2383,0.419639110365086,364,2.3687692307692307
chr4,hor_4_1(S2C4H1L),True,2000,2383,0.839278220730172,182,1.9005934065934065
chr4,hor_4_1(S2C4H1L),True,5000,2383,2.0981955518254303,73,1.2522520547945206
chr4,hor_4_1(S2C4H1L),True,10000,2383,4.1963911036508605,36,0.8005111111111112
chr4,hor_4_1(S2C4H1L),True,20000,2383,8.392782207301721,18,0.49726666666666663
chr4,hor_4_1(S2C4H1L),True,50000,2383,20.981955518254303,7,0.27961142857142857
chr4,hor_4_2(S2C4H1L),True,1000,2383,0.419639110365086,1378,2.367285921625544
chr4,hor_4_2(S2C4H1L),True,2000,2383,0.839278220730172,689,1.879210449927431
chr4,hor_4_2(S2C4H1L),True,5000,2383,2.0981955518254303,276,1.2579072463768117
chr4,hor_4_2(S2C4H1L),True,10000,2383,4.1963911036508605,138,0.7994550724637682
chr4,hor_4_2(S2C4H1L),True,20000,2383,8.392782207301721,69,0.48977971014492755
chr4,hor_4_2(S2C4H1L),True,50000,2383,20.981955518254303,28,0.25605142857142854
chr4,hor_4_3(S2C4H1L),True,1000,2383,0.419639110365086,110,2.406036363636363
chr4,hor_4_3(S2C4H1L),True,2000,2383,0.839278220730172,55,1.9545454545454546
chr4,hor_4_3(S2C4H1L),True,5000,2383,2.0981955518254303,22,1.323490909090909
chr4,hor_4_3(S2C4H1L),True,10000,2383,4.1963911036508605,11,0.9660363636363637
chr4,hor_4_3(S2C4H1L),True,20000,2383,8.392782207301721,5,0.5448799999999999
chr4,hor_4_3(S2C4H1L),True,50000,2383,20.981955518254303,2,0.38039999999999996
chr4,hor_4_4(S5C4H2),False,1000,2211,0.4522840343735866,52,2.3467692307692305
chr4,hor_4_4(S5C4H2),False,2000,2211,0.9045680687471732,26,1.9989230769230768
chr4,hor_4_4(S5C4H2),False,5000,2211,2.261420171867933,10,1.26608
chr4,hor_4_4(S5C4H2),False,10000,2211,4.522840343735866,5,0.79328
chr4,hor_4_4(S5C4H2),False,20000,2211,9.045680687471732,3,0.4925333333333333
chr5,hor_5_1(S5C5/19H5),False,1000,2734,0.365764447695684,34,2.448
chr5,hor_5_1(S5C5/19H5),False,2000,2734,0.731528895391368,17,2.070823529411765
chr5,hor_5_1(S5C5/19H5),False,5000,2734,1.8288222384784198,7,1.4450285714285713
chr5,hor_5_1(S5C5/19H5),False,10000,2734,3.6576444769568397,3,0.9621333333333334
chr5,hor_5_1(S5C5/19H5),False,20000,2734,7.315288953913679,2,0.62
chr5,hor_5_3(S1C5H2),False,1000,340,2.9411764705882355,105,2.4297904761904765
chr5,hor_5_3(S1C5H2),False,2000,340,5.882352941176471,52,2.007538461538462
chr5,hor_5_3(S1C5H2),False,5000,340,14.705882352941176,21,1.3513904761904763
chr5,hor_5_3(S1C5H2),False,10000,340,29.41176470588235,10,0.8751999999999999
chr5,hor_5_3(S1C5H2),False,20000,340,58.8235294117647,5,0.54936
chr5,hor_5_3(S1C5H2),False,50000,340,147.05882352941177,2,0.32504
chr5,hor_5_4(S1C1/5/19H1L),True,1000,340,2.9411764705882355,5,2.3296
chr5,hor_5_4(S1C1/5/19H1L),True,2000,340,5.882352941176471,3,1.6893333333333331
chr5,hor_5_5(S1C5H2),False,1000,2720,0.36764705882352944,14,2.4348571428571426
chr5,hor_5_5(S1C5H2),False,2000,2720,0.7352941176470589,7,2.009714285714286
chr5,hor_5_5(S1C5H2),False,5000,2720,1.838235294117647,3,1.3402666666666665
chr5,hor_5_6(S1C1/5/19H1L),True,1000,340,2.9411764705882355,1260,2.2251746031746036
chr5,hor_5_6(S1C1/5/19H1L),True,2000,340,5.882352941176471,630,1.5967047619047618
chr5,hor_5_6(S1C1/5/19H1L),True,5000,340,14.705882352941176,252,0.9513142857142857
chr5,hor_5_6(S1C1/5/19H1L),True,10000,340,29.41176470588235,126,0.6112190476190477
chr5,hor_5_6(S1C1/5/19H1L),True,20000,340,58.8235294117647,63,0.3948317460317461
chr5,hor_5_6(S1C1/5/19H1L),True,50000,340,147.05882352941177,25,0.22771200000000003
chr5,hor_5_7(S5C5H6),False,1000,171,5.847953216374269,164,2.314780487804878
chr5,hor_5_7(S5C5H6),False,2000,171,11.695906432748538,82,1.8886829268292684
chr5,hor_5_7(S5C5H6),False,5000,171,29.239766081871345,33,1.259830303030303
chr5,hor_5_7(S5C5H6),False,10000,171,58.47953216374269,16,0.8340000000000001
chr5,hor_5_7(S5C5H6),False,20000,171,116.95906432748538,8,0.5396
chr5,hor_5_7(S5C5H6),False,50000,171,292.39766081871346,3,0.3534933333333334
chr5,hor_5_8(S5C5/19H7-B),False,1000,341,2.932551319648094,32,2.38825
chr5,hor_5_8(S5C5/19H7-B),False,2000,341,5.865102639296188,16,1.9852500000000002
chr5,hor_5_8(S5C5/19H7-B),False,5000,341,14.662756598240469,6,1.5642666666666665
chr5,hor_5_8(S5C5/19H7-B),False,10000,341,29.325513196480937,3,1.0970666666666666
chr5,hor_5_8(S5C5/19H7-B),False,20000,341,58.651026392961874,2,0.7338
chr5,hor_5_9(S5C5/19H4-B),False,1000,171,5.847953216374269,149,2.3968322147651
chr5,hor_5_9(S5C5/19H4-B),False,2000,171,11.695906432748538,74,2.049621621621622
chr5,hor_5_9(S5C5/19H4-B),False,5000,171,29.239766081871345,30,1.3853866666666665
chr5,hor_5_9(S5C5/19H4-B),False,10000,171,58.47953216374269,15,0.9133866666666666
chr5,hor_5_9(S5C5/19H4-B),False,20000,171,116.95906432748538,7,0.6048571428571429
chr5,hor_5_9(S5C5/19H4-B),False,50000,171,292.39766081871346,3,0.39904
chr7,hor_7_1(S5C7H2),False,1000,2734,0.365764447695684,102,2.365176470588235
chr7,hor_7_1(S5C7H2),False,2000,2734,0.731528895391368,51,1.970901960784314
chr7,hor_7_1(S5C7H2),False,5000,2734,1.8288222384784198,20,1.4024
chr7,hor_7_1(S5C7H2),False,10000,2734,3.6576444769568397,10,0.9544
chr7,hor_7_1(S5C7H2),False,20000,2734,7.315288953913679,5,0.6364799999999999
chr7,hor_7_1(S5C7H2),False,50000,2734,18.2882223847842,2,0.36960000000000004
chr7,hor_7_2(S1C7H1L),True,1000,340,2.9411764705882355,1650,2.2977551515151515
chr7,hor_7_2(S1C7H1L),True,2000,340,5.882352941176471,825,1.5189721212121212
chr7,hor_7_2(S1C7H1L),True,5000,340,14.705882352941176,330,0.8512630303030302
chr7,hor_7_2(S1C7H1L),True,10000,340,29.41176470588235,165,0.5212169696969697
chr7,hor_7_2(S1C7H1L),True,20000,340,58.8235294117647,83,0.32785060240963854
chr7,hor_7_2(S1C7H1L),True,50000,340,147.05882352941177,33,0.17845333333333335
chr10,hor_10_1(S1C10H1L),True,1000,2037,0.49091801669121254,1015,2.3205517241379305
chr10,hor_10_1(S1C10H1L),True,2000,2037,0.9818360333824251,508,1.727716535433071
chr10,hor_10_1(S1C10H1L),True,5000,2037,2.454590083456063,203,1.0224630541871922
chr10,hor_10_1(S1C10H1L),True,10000,2037,4.909180166912126,102,0.6570823529411766
chr10,hor_10_1(S1C10H1L),True,20000,2037,9.818360333824252,51,0.42629803921568626
chr10,hor_10_1(S1C10H1L),True,50000,2037,24.54590083456063,20,0.25151199999999996
chr10,hor_10_2(S1C10H1-B),False,1000,2375,0.42105263157894735,57,2.3681403508771925
chr10,hor_10_2(S1C10H1-B),False,2000,2375,0.8421052631578947,29,1.9205517241379313
chr10,hor_10_2(S1C10H1-B),False,5000,2375,2.1052631578947367,11,1.1650909090909092
chr10,hor_10_2(S1C10H1-B),False,10000,2375,4.2105263157894735,6,0.7324
chr10,hor_10_2(S1C10H1-B),False,20000,2375,8.421052631578947,3,0.4716
chr10,hor_10_3(S1C10H1-C),False,1000,340,2.9411764705882355,51,2.416156862745098
chr10,hor_10_3(S1C10H1-C),False,2000,340,5.882352941176471,25,1.9272
chr10,hor_10_3(S1C10H1-C),False,5000,340,14.705882352941176,10,1.2324800000000002
chr10,hor_10_3(S1C10H1-C),False,10000,340,29.41176470588235,5,0.88096
chr10,hor_10_3(S1C10H1-C),False,20000,340,58.8235294117647,3,0.6101333333333333
chr10,hor_10_4(S1C10H2),False,1000,340,2.9411764705882355,23,2.3853913043478263
chr10,hor_10_4(S1C10H2),False,2000,340,5.882352941176471,11,1.9287272727272728
chr10,hor_10_4(S1C10H2),False,5000,340,14.705882352941176,5,1.26912
chr10,hor_10_4(S1C10H2),False,10000,340,29.41176470588235,2,0.8544
chr11,hor_11_1(S3C11H2),False,1000,1873,0.5339028296849974,6,2.433333333333333
chr11,hor_11_1(S3C11H2),False,2000,1873,1.0678056593699947,3,2.082666666666667
chr11,"hor_11_2(S3C11H1L,S3C11H3d)",True,1000,2547,0.39261876717707106,13,2.403076923076923
chr11,"hor_11_2(S3C11H1L,S3C11H3d)",True,2000,2547,0.7852375343541421,7,1.973142857142857
chr11,"hor_11_2(S3C11H1L,S3C11H3d)",True,5000,2547,1.9630938358853554,3,1.3152
chr11,hor_11_3(S3C11H1L),True,1000,850,1.1764705882352942,1676,2.3653890214797135
chr11,hor_11_3(S3C11H1L),True,2000,850,2.3529411764705883,838,1.7485441527446304
chr11,hor_11_3(S3C11H1L),True,5000,850,5.882352941176471,335,1.0190185074626863
chr11,hor_11_3(S3C11H1L),True,10000,850,11.764705882352942,168,0.6672857142857143
chr11,hor_11_3(S3C11H1L),True,20000,850,23.529411764705884,84,0.4441666666666667
chr11,hor_11_3(S3C11H1L),True,50000,850,58.8235294117647,34,0.27172705882352943
chr11,hor_11_4(S3C11H2),False,1000,2048,0.48828125,15,2.4896000000000003
chr11,hor_11_4(S3C11H2),False,2000,2048,0.9765625,7,2.115428571428571
chr11,hor_11_4(S3C11H2),False,5000,2048,2.44140625,3,1.4453333333333334
chr11,hor_11_5(S3C11H2),False,1000,2047,0.48851978505129456,13,2.4584615384615383
chr11,hor_11_5(S3C11H2),False,2000,2047,0.9770395701025891,6,2.1086666666666667
chr11,hor_11_5(S3C11H2),False,5000,2047,2.442598925256473,3,1.4480000000000002
chr12,hor_12_1(S1C12H2),False,1000,340,2.9411764705882355,14,2.3885714285714283
chr12,hor_12_1(S1C12H2),False,2000,340,5.882352941176471,7,1.916
chr12,hor_12_1(S1C12H2),False,5000,340,14.705882352941176,3,1.3717333333333332
chr12,hor_12_2(S1C12H1L),True,1000,1359,0.7358351729212657,1291,2.3076994577846635
chr12,hor_12_2(S1C12H1L),True,2000,1359,1.4716703458425313,645,1.6972899224806202
chr12,hor_12_2(S1C12H1L),True,5000,1359,3.679175864606328,258,0.9968744186046512
chr12,hor_12_2(S1C12H1L),True,10000,1359,7.358351729212656,129,0.6469643410852713
chr12,hor_12_2(S1C12H1L),True,20000,1359,14.716703458425313,65,0.4287076923076923
chr12,hor_12_2(S1C12H1L),True,50000,1359,36.79175864606328,26,0.27
chr13,hor_13_1(S4/6C13/14/21H1),False,1000,171,5.847953216374269,18,2.368888888888889
chr13,hor_13_1(S4/6C13/14/21H1),False,2000,171,11.695906432748538,9,2.0017777777777774
chr13,hor_13_1(S4/6C13/14/21H1),False,5000,171,29.239766081871345,4,1.596
chr13,hor_13_1(S4/6C13/14/21H1),False,10000,171,58.47953216374269,2,1.1372
chr13,hor_13_2(S5C13/14/21H2),False,1000,171,5.847953216374269,9,2.2808888888888887
chr13,hor_13_2(S5C13/14/21H2),False,2000,171,11.695906432748538,5,1.8112000000000001
chr13,hor_13_2(S5C13/14/21H2),False,5000,171,29.239766081871345,2,1.3608
chr13,hor_13_3(S2C13/21H1L),True,1000,1190,0.8403361344537815,975,2.394551794871795
chr13,hor_13_3(S2C13/21H1L),True,2000,1190,1.680672268907563,488,1.8120245901639345
chr13,hor_13_3(S2C13/21H1L),True,5000,1190,4.201680672268908,195,1.0237456410256411
chr13,hor_13_3(S2C13/21H1L),True,10000,1190,8.403361344537815,98,0.6222938775510203
chr13,hor_13_3(S2C13/21H1L),True,20000,1190,16.80672268907563,49,0.3735020408163265
chr13,hor_13_3(S2C13/21H1L),True,50000,1190,42.016806722689076,20,0.18875999999999998
chr13,hor_13_4(S2C13/21H1-B),False,1000,171,5.847953216374269,5,2.3728
chr13,hor_13_4(S2C13/21H1-B),False,2000,171,11.695906432748538,3,1.9093333333333333
chr14,hor_14_1(S5C13/14/21H2),False,1000,171,5.847953216374269,39,2.251076923076923
chr14,hor_14_1(S5C13/14/21H2),False,2000,171,11.695906432748538,20,1.8474000000000004
chr14,hor_14_1(S5C13/14/21H2),False,5000,171,29.239766081871345,8,1.3372
chr14,hor_14_1(S5C13/14/21H2),False,10000,171,58.47953216374269,4,0.952
chr14,hor_14_1(S5C13/14/21H2),False,20000,171,116.95906432748538,2,0.6528
chr14,hor_14_2(S4/6C13/14/21H1),False,1000,171,5.847953216374269,37,2.3768648648648645
chr14,hor_14_2(S4/6C13/14/21H1),False,2000,171,11.695906432748538,18,2.000222222222222
chr14,hor_14_2(S4/6C13/14/21H1),False,5000,171,29.239766081871345,7,1.5709714285714287
chr14,hor_14_2(S4/6C13/14/21H1),False,10000,171,58.47953216374269,4,1.0977999999999999
chr14,hor_14_2(S4/6C13/14/21H1),False,20000,171,116.95906432748538,2,0.7482
chr14,hor_14_3(S2C14/22H1L),True,1000,171,5.847953216374269,1308,2.3581590214067276
chr14,hor_14_3(S2C14/22H1L),True,2000,171,11.695906432748538,654,1.8084342507645261
chr14,hor_14_3(S2C14/22H1L),True,5000,171,29.239766081871345,262,1.056934351145038
chr14,hor_14_3(S2C14/22H1L),True,10000,171,58.47953216374269,131,0.6565984732824429
chr14,hor_14_3(S2C14/22H1L),True,20000,171,116.95906432748538,65,0.39166769230769233
chr14,hor_14_3(S2C14/22H1L),True,50000,171,292.39766081871346,26,0.22163076923076924
chr15,hor_15_1(S4C15H3-B),False,1000,171,5.847953216374269,39,2.3706666666666667
chr15,hor_15_1(S4C15H3-B),False,2000,171,11.695906432748538,19,2.0138947368421056
chr15,hor_15_1(S4C15H3-B),False,5000,171,29.239766081871345,8,1.6634
chr15,hor_15_1(S4C15H3-B),False,10000,171,58.47953216374269,4,1.2508
chr15,hor_15_1(S4C15H3-B),False,20000,171,116.95906432748538,2,0.8862000000000001
chr15,hor_15_2(S4C15H3-A),False,1000,171,5.847953216374269,99,2.3523232323232324
chr15,hor_15_2(S4C15H3-A),False,2000,171,11.695906432748538,50,1.9945599999999999
chr15,hor_15_2(S4C15H3-A),False,5000,171,29.239766081871345,20,1.612
chr15,hor_15_2(S4C15H3-A),False,10000,171,58.47953216374269,10,1.1256799999999998
chr15,hor_15_2(S4C15H3-A),False,20000,171,116.95906432748538,5,0.69304
chr15,hor_15_2(S4C15H3-A),False,50000,171,292.39766081871346,2,0.35919999999999996
chr15,hor_15_3(S4C15H2),False,1000,171,5.847953216374269,279,2.3707813620071683
chr15,hor_15_3(S4C15H2),False,2000,171,11.695906432748538,140,2.004514285714286
chr15,hor_15_3(S4C15H2),False,5000,171,29.239766081871345,56,1.4818857142857145
chr15,hor_15_3(S4C15H2),False,10000,171,58.47953216374269,28,0.9399142857142857
chr15,hor_15_3(S4C15H2),False,20000,171,116.95906432748538,14,0.5884857142857143
chr15,hor_15_3(S4C15H2),False,50000,171,292.39766081871346,6,0.2872266666666667
chr15,hor_15_4(S2C15H1L),True,1000,171,5.847953216374269,508,2.315669291338583
chr15,hor_15_4(S2C15H1L),True,2000,171,11.695906432748538,254,1.8290393700787402
chr15,hor_15_4(S2C15H1L),True,5000,171,29.239766081871345,102,1.1032941176470588
chr15,hor_15_4(S2C15H1L),True,10000,171,58.47953216374269,51,0.692329411764706
chr15,hor_15_4(S2C15H1L),True,20000,171,116.95906432748538,25,0.418576
chr15,hor_15_4(S2C15H1L),True,50000,171,292.39766081871346,10,0.232816
chr16,hor_16_4(S1C16H1L),True,1000,340,2.9411764705882355,969,2.3126934984520124
chr16,hor_16_4(S1C16H1L),True,2000,340,5.882352941176471,485,1.7448494845360825
chr16,hor_16_4(S1C16H1L),True,5000,340,14.705882352941176,194,0.9910680412371135
chr16,hor_16_4(S1C16H1L),True,10000,340,29.41176470588235,97,0.6289072164948454
chr16,hor_16_4(S1C16H1L),True,20000,340,58.8235294117647,48,0.38430000000000003
chr16,hor_16_4(S1C16H1L),True,50000,340,147.05882352941177,19,0.21899789473684206
chr16,"hor_16_5(S1C16H1L,S1C1/5/19H1L)",True,1000,340,2.9411764705882355,18,2.392888888888889
chr16,"hor_16_5(S1C16H1L,S1C1/5/19H1L)",True,2000,340,5.882352941176471,9,1.9186666666666667
chr16,"hor_16_5(S1C16H1L,S1C1/5/19H1L)",True,5000,340,14.705882352941176,4,1.3539999999999999
chr16,"hor_16_5(S1C16H1L,S1C1/5/19H1L)",True,10000,340,29.41176470588235,2,1.028
chr16,"hor_16_6(S2C16H2-B,A)",False,1000,171,5.847953216374269,6,2.392
chr16,"hor_16_6(S2C16H2-B,A)",False,2000,171,11.695906432748538,3,1.9306666666666665
chr16,hor_16_7(S2C16H2-B),False,1000,1702,0.5875440658049353,5,2.4848
chr16,hor_16_7(S2C16H2-B),False,2000,1702,1.1750881316098707,3,2.04
chr17,hor_17_1(S3C17H1-B),False,1000,2379,0.4203446826397646,230,2.4766608695652175
chr17,hor_17_1(S3C17H1-B),False,2000,2379,0.8406893652795292,115,2.1237565217391308
chr17,hor_17_1(S3C17H1-B),False,5000,2379,2.101723413198823,46,1.4300521739130434
chr17,hor_17_1(S3C17H1-B),False,10000,2379,4.203446826397646,23,0.9345391304347825
chr17,hor_17_1(S3C17H1-B),False,20000,2379,8.406893652795292,11,0.5869818181818182
chr17,hor_17_1(S3C17H1-B),False,50000,2379,21.017234131988232,5,0.358208
chr17,hor_17_2(S3C17H1L),True,1000,2715,0.3683241252302026,1797,2.396006677796327
chr17,hor_17_2(S3C17H1L),True,2000,2715,0.7366482504604052,899,2.016876529477197
chr17,hor_17_2(S3C17H1L),True,5000,2715,1.8416206261510129,359,1.351781615598886
chr17,hor_17_2(S3C17H1L),True,10000,2715,3.6832412523020257,180,0.8778755555555553
chr17,hor_17_2(S3C17H1L),True,20000,2715,7.366482504604051,90,0.5454444444444445
chr17,hor_17_2(S3C17H1L),True,50000,2715,18.41620626151013,36,0.30301333333333325
chr17,hor_17_3(S3C17H1-C),False,1000,2382,0.41981528127623846,42,2.452
chr17,hor_17_3(S3C17H1-C),False,2000,2382,0.8396305625524769,21,2.0796190476190475
chr17,hor_17_3(S3C17H1-C),False,5000,2382,2.0990764063811924,8,1.353
chr17,hor_17_3(S3C17H1-C),False,10000,2382,4.198152812762385,4,0.8708
chr17,hor_17_3(S3C17H1-C),False,20000,2382,8.39630562552477,2,0.5382
chr18,hor_18_1(S2C18H2-A),False,1000,1701,0.5878894767783657,150,2.4564266666666663
chr18,hor_18_1(S2C18H2-A),False,2000,1701,1.1757789535567313,75,2.0306666666666664
chr18,hor_18_1(S2C18H2-A),False,5000,1701,2.9394473838918285,30,1.248693333333333
chr18,hor_18_1(S2C18H2-A),False,10000,1701,5.878894767783657,15,0.8111999999999999
chr18,hor_18_1(S2C18H2-A),False,20000,1701,11.757789535567314,8,0.54915
chr18,hor_18_1(S2C18H2-A),False,50000,1701,29.394473838918284,3,0.33616
chr18,"hor_18_2(S2C18H2-B,A)",False,1000,171,5.847953216374269,10,2.4776000000000002
chr18,"hor_18_2(S2C18H2-B,A)",False,2000,171,11.695906432748538,5,2.1144
chr18,"hor_18_2(S2C18H2-B,A)",False,5000,171,29.239766081871345,2,1.7872
chr18,hor_18_5(S2C18H1L),True,1000,1692,0.5910165484633569,2384,2.3631543624161075
chr18,hor_18_5(S2C18H1L),True,2000,1692,1.1820330969267139,1192,1.849456375838926
chr18,hor_18_5(S2C18H1L),True,5000,1692,2.955082742316785,477,1.076501467505241
chr18,hor_18_5(S2C18H1L),True,10000,1692,5.91016548463357,238,0.6720100840336134
chr18,hor_18_5(S2C18H1L),True,20000,1692,11.82033096926714,119,0.4191966386554622
chr18,hor_18_5(S2C18H1L),True,50000,1692,29.55082742316785,48,0.23578333333333332
chr18,"hor_18_6(S2C18H1L,S2C20H2)",True,1000,171,5.847953216374269,97,2.3722886597938144
chr18,"hor_18_6(S2C18H1L,S2C20H2)",True,2000,171,11.695906432748538,48,1.8904166666666669
chr18,"hor_18_6(S2C18H1L,S2C20H2)",True,5000,171,29.239766081871345,19,1.2329263157894736
chr18,"hor_18_6(S2C18H1L,S2C20H2)",True,10000,171,58.47953216374269,10,0.8232799999999999
chr18,"hor_18_6(S2C18H1L,S2C20H2)",True,20000,171,116.95906432748538,5,0.53616
chr18,"hor_18_6(S2C18H1L,S2C20H2)",True,50000,171,292.39766081871346,2,0.3184
chr18,hor_18_7(S2C18H2-D),False,1000,1872,0.5341880341880342,41,2.3812682926829267
chr18,hor_18_7(S2C18H2-D),False,2000,1872,1.0683760683760684,20,1.9259999999999997
chr18,hor_18_7(S2C18H2-D),False,5000,1872,2.6709401709401708,8,1.2532
chr18,hor_18_7(S2C18H2-D),False,10000,1872,5.3418803418803416,4,0.9423999999999999
chr18,hor_18_7(S2C18H2-D),False,20000,1872,10.683760683760683,2,0.7048
chr18,"hor_18_9(S2C18H2-B,E)",False,1000,171,5.847953216374269,48,2.417666666666667
chr18,"hor_18_9(S2C18H2-B,E)",False,2000,171,11.695906432748538,24,2.0091666666666668
chr18,"hor_18_9(S2C18H2-B,E)",False,5000,171,29.239766081871345,10,1.5206399999999998
chr18,"hor_18_9(S2C18H2-B,E)",False,10000,171,58.47953216374269,5,1.2432
chr18,"hor_18_9(S2C18H2-B,E)",False,20000,171,116.95906432748538,2,0.9438
chr19,hor_19_1(S5C5/19H4-A),False,1000,2895,0.3454231433506045,42,2.3478095238095236
chr19,hor_19_1(S5C5/19H4-A),False,2000,2895,0.690846286701209,21,1.9887619047619043
chr19,hor_19_1(S5C5/19H4-A),False,5000,2895,1.7271157167530224,8,1.4371999999999998
chr19,hor_19_1(S5C5/19H4-A),False,10000,2895,3.454231433506045,4,0.9523999999999999
chr19,hor_19_1(S5C5/19H4-A),False,20000,2895,6.90846286701209,2,0.587
chr19,hor_19_2(S5C5/19H4-B),False,1000,2214,0.45167118337850043,279,2.408688172043011
chr19,hor_19_2(S5C5/19H4-B),False,2000,2214,0.9033423667570009,140,2.0729142857142855
chr19,hor_19_2(S5C5/19H4-B),False,5000,2214,2.2583559168925023,56,1.3989714285714285
chr19,hor_19_2(S5C5/19H4-B),False,10000,2214,4.5167118337850045,28,0.9243428571428572
chr19,hor_19_2(S5C5/19H4-B),False,20000,2214,9.033423667570009,14,0.6105714285714285
chr19,hor_19_2(S5C5/19H4-B),False,50000,2214,22.583559168925024,6,0.40669333333333335
chr19,hor_19_3(S5C5/19H4-A),False,1000,171,5.847953216374269,8,2.351
chr19,hor_19_3(S5C5/19H4-A),False,2000,171,11.695906432748538,4,2.018
chr19,hor_19_3(S5C5/19H4-A),False,5000,171,29.239766081871345,2,1.444
chr19,"hor_19_4(S5C5/19H7-A,B)",False,1000,171,5.847953216374269,12,2.353333333333333
chr19,"hor_19_4(S5C5/19H7-A,B)",False,2000,171,11.695906432748538,6,1.9953333333333332
chr19,"hor_19_4(S5C5/19H7-A,B)",False,5000,171,29.239766081871345,2,1.552
chr19,hor_19_5(S5C5/19H7-A),False,1000,171,5.847953216374269,106,2.3653584905660376
chr19,hor_19_5(S5C5/19H7-A),False,2000,171,11.695906432748538,53,1.9655094339622639
chr19,hor_19_5(S5C5/19H7-A),False,5000,171,29.239766081871345,21,1.6169142857142853
chr19,hor_19_5(S5C5/19H7-A),False,10000,171,58.47953216374269,11,1.1407272727272728
chr19,hor_19_5(S5C5/19H7-A),False,20000,171,116.95906432748538,5,0.7220000000000001
chr19,hor_19_5(S5C5/19H7-A),False,50000,171,292.39766081871346,2,0.38728
chr19,"hor_19_6(S5C5/19H7-A,B)",False,1000,341,2.932551319648094,40,2.3717999999999995
chr19,"hor_19_6(S5C5/19H7-A,B)",False,2000,341,5.865102639296188,20,1.9995999999999998
chr19,"hor_19_6(S5C5/19H7-A,B)",False,5000,341,14.662756598240469,8,1.603
chr19,"hor_19_6(S5C5/19H7-A,B)",False,10000,341,29.325513196480937,4,1.2154
chr19,"hor_19_6(S5C5/19H7-A,B)",False,20000,341,58.651026392961874,2,0.7764
chr19,hor_19_8(S5C5/19H5),False,1000,2734,0.365764447695684,21,2.470857142857143
chr19,hor_19_8(S5C5/19H5),False,2000,2734,0.731528895391368,10,2.1016
chr19,hor_19_8(S5C5/19H5),False,5000,2734,1.8288222384784198,4,1.476
chr19,hor_19_8(S5C5/19H5),False,10000,2734,3.6576444769568397,2,0.9992000000000001
chr19,hor_19_13(S1C1/5/19H1L),True,1000,340,2.9411764705882355,1959,1.9692291985706996
chr19,hor_19_13(S1C1/5/19H1L),True,2000,340,5.882352941176471,979,1.3475342185903985
chr19,hor_19_13(S1C1/5/19H1L),True,5000,340,14.705882352941176,392,0.7635591836734694
chr19,hor_19_13(S1C1/5/19H1L),True,10000,340,29.41176470588235,196,0.5101632653061224
chr19,hor_19_13(S1C1/5/19H1L),True,20000,340,58.8235294117647,98,0.34968979591836724
chr19,hor_19_13(S1C1/5/19H1L),True,50000,340,147.05882352941177,39,0.2321148717948718
chr19,"hor_19_14(S1C1/5/19H1L,S1C16H1L,S1CMH3d)",True,1000,340,2.9411764705882355,10,2.352
chr19,"hor_19_14(S1C1/5/19H1L,S1C16H1L,S1CMH3d)",True,2000,340,5.882352941176471,5,1.8584
chr19,"hor_19_14(S1C1/5/19H1L,S1C16H1L,S1CMH3d)",True,5000,340,14.705882352941176,2,1.3384
chr20,hor_20_1(S2C20H2),False,1000,680,1.4705882352941178,271,2.391261992619926
chr20,hor_20_1(S2C20H2),False,2000,680,2.9411764705882355,136,1.8563529411764705
chr20,hor_20_1(S2C20H2),False,5000,680,7.352941176470588,54,1.1569185185185185
chr20,hor_20_1(S2C20H2),False,10000,680,14.705882352941176,27,0.7902814814814815
chr20,hor_20_1(S2C20H2),False,20000,680,29.41176470588235,14,0.5260571428571429
chr20,hor_20_1(S2C20H2),False,50000,680,73.52941176470588,5,0.40028800000000003
chr20,hor_20_2(S2C20H1L),True,1000,171,5.847953216374269,1087,2.3235768169273228
chr20,hor_20_2(S2C20H1L),True,2000,171,11.695906432748538,543,1.840721915285451
chr20,hor_20_2(S2C20H1L),True,5000,171,29.239766081871345,217,1.1754248847926267
chr20,hor_20_2(S2C20H1L),True,10000,171,58.47953216374269,109,0.7483522935779817
chr20,hor_20_2(S2C20H1L),True,20000,171,116.95906432748538,54,0.4568444444444445
chr20,hor_20_2(S2C20H1L),True,50000,171,292.39766081871346,22,0.2552072727272727
chr20,hor_20_3(S02C20H3),False,1000,171,5.847953216374269,211,2.298388625592417
chr20,hor_20_3(S02C20H3),False,2000,171,11.695906432748538,105,1.885333333333333
chr20,hor_20_3(S02C20H3),False,5000,171,29.239766081871345,42,1.2060190476190475
chr20,hor_20_3(S02C20H3),False,10000,171,58.47953216374269,21,0.8314285714285715
chr20,hor_20_3(S02C20H3),False,20000,171,116.95906432748538,11,0.5878181818181818
chr20,hor_20_3(S02C20H3),False,50000,171,292.39766081871346,4,0.38839999999999997
chr20,hor_20_4(S5C20H6),False,1000,171,5.847953216374269,75,2.10816
chr20,hor_20_4(S5C20H6),False,2000,171,11.695906432748538,38,1.5242105263157895
chr20,hor_20_4(S5C20H6),False,5000,171,29.239766081871345,15,0.9441066666666666
chr20,hor_20_4(S5C20H6),False,10000,171,58.47953216374269,8,0.6286
chr20,hor_20_4(S5C20H6),False,20000,171,116.95906432748538,4,0.47220000000000006
chr20,hor_20_4(S5C20H6),False,50000,171,292.39766081871346,2,0.34368
chr20,hor_20_6(S4C20H7),False,1000,171,5.847953216374269,8,2.319
chr20,hor_20_6(S4C20H7),False,2000,171,11.695906432748538,4,1.8450000000000002
chr20,hor_20_6(S4C20H7),False,5000,171,29.239766081871345,2,1.212
chr20,hor_20_7(S4C20H7/8),False,1000,2219,0.45065344749887337,7,2.328
chr20,hor_20_7(S4C20H7/8),False,2000,2219,0.9013068949977467,3,1.8546666666666667
chr20,hor_20_8(S4C20H8),False,1000,171,5.847953216374269,7,2.321142857142857
chr20,hor_20_8(S4C20H8),False,2000,171,11.695906432748538,3,1.9373333333333331
chr20,hor_20_9(S4C20H7/8),False,1000,171,5.847953216374269,5,2.3343999999999996
chr20,hor_20_9(S4C20H7/8),False,2000,171,11.695906432748538,3,1.8839999999999997
chr20,hor_20_10(S4C20H7),False,1000,171,5.847953216374269,29,2.3326896551724134
chr20,hor_20_10(S4C20H7),False,2000,171,11.695906432748538,15,1.8578666666666666
chr20,hor_20_10(S4C20H7),False,5000,171,29.239766081871345,6,1.2144000000000001
chr20,hor_20_10(S4C20H7),False,10000,171,58.47953216374269,3,0.7544000000000001
chr20,hor_20_11(S4C20H8),False,1000,171,5.847953216374269,31,2.310193548387097
chr20,hor_20_11(S4C20H8),False,2000,171,11.695906432748538,15,1.8952
chr20,hor_20_11(S4C20H8),False,5000,171,29.239766081871345,6,1.502933333333333
chr20,hor_20_11(S4C20H8),False,10000,171,58.47953216374269,3,1.0069333333333335
chr20,hor_20_11(S4C20H8),False,20000,171,116.95906432748538,2,0.6086
chr21,hor_21_1(S4/6C13/14/21H1),False,1000,171,5.847953216374269,36,2.38
chr21,hor_21_1(S4/6C13/14/21H1),False,2000,171,11.695906432748538,18,2.0646666666666667
chr21,hor_21_1(S4/6C13/14/21H1),False,5000,171,29.239766081871345,7,1.5908571428571427
chr21,hor_21_1(S4/6C13/14/21H1),False,10000,171,58.47953216374269,4,1.1238000000000001
chr21,hor_21_1(S4/6C13/14/21H1),False,20000,171,116.95906432748538,2,0.7718
chr21,hor_21_2(S5C13/14/21H2),False,1000,171,5.847953216374269,8,2.1590000000000003
chr21,hor_21_2(S5C13/14/21H2),False,2000,171,11.695906432748538,4,1.792
chr21,hor_21_2(S5C13/14/21H2),False,5000,171,29.239766081871345,2,1.3456000000000001
chr21,hor_21_3(S2C13/21H1L),True,1000,1870,0.5347593582887701,166,2.3608674698795182
chr21,hor_21_3(S2C13/21H1L),True,2000,1870,1.0695187165775402,83,1.852674698795181
chr21,hor_21_3(S2C13/21H1L),True,5000,1870,2.6737967914438503,33,1.0716121212121215
chr21,hor_21_3(S2C13/21H1L),True,10000,1870,5.347593582887701,17,0.670964705882353
chr21,hor_21_3(S2C13/21H1L),True,20000,1870,10.695187165775401,8,0.40465
chr21,hor_21_3(S2C13/21H1L),True,50000,1870,26.737967914438503,3,0.2133866666666667
chr22,hor_22_1(S6C22H2-A),False,1000,172,5.813953488372093,44,2.4278181818181817
chr22,hor_22_1(S6C22H2-A),False,2000,172,11.627906976744185,22,2.088545454545455
chr22,hor_22_1(S6C22H2-A),False,5000,172,29.069767441860463,9,1.6407111111111112
chr22,hor_22_1(S6C22H2-A),False,10000,172,58.13953488372093,4,1.1332
chr22,hor_22_1(S6C22H2-A),False,20000,172,116.27906976744185,2,0.7766
chr22,hor_22_2(S6C22H2-B),False,1000,172,5.813953488372093,62,2.4371612903225803
chr22,hor_22_2(S6C22H2-B),False,2000,172,11.627906976744185,31,2.1184516129032263
chr22,hor_22_2(S6C22H2-B),False,5000,172,29.069767441860463,12,1.6428000000000003
chr22,hor_22_2(S6C22H2-B),False,10000,172,58.13953488372093,6,1.0575999999999999
chr22,hor_22_2(S6C22H2-B),False,20000,172,116.27906976744185,3,0.6564
chr22,hor_22_3(S6C22H2-A),False,1000,172,5.813953488372093,11,2.421818181818182
chr22,hor_22_3(S6C22H2-A),False,2000,172,11.627906976744185,6,2.084
chr22,hor_22_3(S6C22H2-A),False,5000,172,29.069767441860463,2,1.6272
chr22,hor_22_4(S6C22H2-B),False,1000,172,5.813953488372093,16,2.4415
chr22,hor_22_4(S6C22H2-B),False,2000,172,11.627906976744185,8,2.106
chr22,hor_22_4(S6C22H2-B),False,5000,172,29.069767441860463,3,1.6458666666666666
chr22,hor_22_4(S6C22H2-B),False,10000,172,58.13953488372093,2,1.0672
chr22,hor_22_5(S6C22H2-A),False,1000,172,5.813953488372093,28,2.423142857142857
chr22,hor_22_5(S6C22H2-A),False,2000,172,11.627906976744185,14,2.0862857142857147
chr22,hor_22_5(S6C22H2-A),False,5000,172,29.069767441860463,6,1.6258666666666668
chr22,hor_22_5(S6C22H2-A),False,10000,172,58.13953488372093,3,1.0680000000000003
chr22,hor_22_6(S6C22H2-B),False,1000,172,5.813953488372093,96,2.4655
chr22,hor_22_6(S6C22H2-B),False,2000,172,11.627906976744185,48,2.1321666666666665
chr22,hor_22_6(S6C22H2-B),False,5000,172,29.069767441860463,19,1.6891789473684211
chr22,hor_22_6(S6C22H2-B),False,10000,172,58.13953488372093,10,1.16816
chr22,hor_22_6(S6C22H2-B),False,20000,172,116.27906976744185,5,0.78328
chr22,hor_22_6(S6C22H2-B),False,50000,172,290.69767441860466,2,0.45072
chr22,hor_22_7(S6C22H2-A),False,1000,172,5.813953488372093,23,2.4180869565217393
chr22,hor_22_7(S6C22H2-A),False,2000,172,11.627906976744185,12,2.0923333333333334
chr22,hor_22_7(S6C22H2-A),False,5000,172,29.069767441860463,5,1.6268799999999999
chr22,hor_22_7(S6C22H2-A),False,10000,172,58.13953488372093,2,1.1196000000000002
chr22,hor_22_8(S4C22H3),False,1000,171,5.847953216374269,5,2.2863999999999995
chr22,hor_22_8(S4C22H3),False,2000,171,11.695906432748538,3,1.8653333333333333
chr22,hor_22_9(S2C14/22H1L),True,1000,171,5.847953216374269,1461,2.3654209445585215
chr22,hor_22_9(S2C14/22H1L),True,2000,171,11.695906432748538,731,1.8173406292749656
chr22,hor_22_9(S2C14/22H1L),True,5000,171,29.239766081871345,292,1.0797808219178082
chr22,hor_22_9(S2C14/22H1L),True,10000,171,58.47953216374269,146,0.6920328767123287
chr22,hor_22_9(S2C14/22H1L),True,20000,171,116.95906432748538,73,0.43875068493150693
chr22,hor_22_9(S2C14/22H1L),True,50000,171,292.39766081871346,29,0.26430896551724137
