chrom,n_arrays,losalt,hisalt,merged,chipseq,input,igg,hisalt_same,merged_same,chipseq_same,input_same,igg_same
chr1,7,hor_1_5(S1C1/5/19H1L),hor_1_5(S1C1/5/19H1L),hor_1_5(S1C1/5/19H1L),hor_1_5(S1C1/5/19H1L),hor_1_5(S1C1/5/19H1L),"hor_1_7(S3C1H2-C,D)",True,True,True,True,False
chr10,4,hor_10_1(S1C10H1L),hor_10_1(S1C10H1L),hor_10_1(S1C10H1L),hor_10_1(S1C10H1L),hor_10_2(S1C10H1-B),hor_10_1(S1C10H1L),True,True,True,False,True
chr11,4,hor_11_3(S3C11H1L),hor_11_3(S3C11H1L),hor_11_3(S3C11H1L),hor_11_3(S3C11H1L),"hor_11_2(S3C11H1L,S3C11H3d)",hor_11_5(S3C11H2),True,True,True,False,False
chr12,2,hor_12_2(S1C12H1L),hor_12_2(S1C12H1L),hor_12_2(S1C12H1L),hor_12_2(S1C12H1L),hor_12_2(S1C12H1L),hor_12_1(S1C12H2),True,True,True,True,False
chr13,3,hor_13_3(S2C13/21H1L),hor_13_3(S2C13/21H1L),hor_13_3(S2C13/21H1L),hor_13_3(S2C13/21H1L),hor_13_1(S4/6C13/14/21H1),hor_13_2(S5C13/14/21H2),True,True,True,False,False
chr14,3,hor_14_3(S2C14/22H1L),hor_14_3(S2C14/22H1L),hor_14_3(S2C14/22H1L),hor_14_3(S2C14/22H1L),hor_14_2(S4/6C13/14/21H1),hor_14_1(S5C13/14/21H2),True,True,True,False,False
chr15,4,hor_15_4(S2C15H1L),hor_15_4(S2C15H1L),hor_15_4(S2C15H1L),hor_15_4(S2C15H1L),hor_15_1(S4C15H3-B),hor_15_4(S2C15H1L),True,True,True,False,True
chr16,2,hor_16_4(S1C16H1L),hor_16_4(S1C16H1L),hor_16_4(S1C16H1L),hor_16_4(S1C16H1L),"hor_16_5(S1C16H1L,S1C1/5/19H1L)",hor_16_4(S1C16H1L),True,True,True,False,True
chr17,3,hor_17_2(S3C17H1L),hor_17_2(S3C17H1L),hor_17_2(S3C17H1L),hor_17_2(S3C17H1L),hor_17_3(S3C17H1-C),hor_17_2(S3C17H1L),True,True,True,False,True
chr18,6,hor_18_5(S2C18H1L),hor_18_5(S2C18H1L),hor_18_5(S2C18H1L),hor_18_5(S2C18H1L),hor_18_7(S2C18H2-D),"hor_18_2(S2C18H2-B,A)",True,True,True,False,False
chr19,8,hor_19_13(S1C1/5/19H1L),hor_19_13(S1C1/5/19H1L),hor_19_13(S1C1/5/19H1L),hor_19_13(S1C1/5/19H1L),hor_19_5(S5C5/19H7-A),hor_19_8(S5C5/19H5),True,True,True,False,False
chr2,2,hor_2_4(S2C2H1L),hor_2_4(S2C2H1L),hor_2_4(S2C2H1L),hor_2_4(S2C2H1L),hor_2_4(S2C2H1L),hor_2_5(S2C2H2-A),True,True,True,True,False
chr20,6,hor_20_2(S2C20H1L),hor_20_2(S2C20H1L),hor_20_2(S2C20H1L),hor_20_2(S2C20H1L),hor_20_11(S4C20H8),hor_20_2(S2C20H1L),True,True,True,False,True
chr21,2,hor_21_3(S2C13/21H1L),hor_21_3(S2C13/21H1L),hor_21_3(S2C13/21H1L),hor_21_3(S2C13/21H1L),hor_21_1(S4/6C13/14/21H1),hor_21_3(S2C13/21H1L),True,True,True,False,True
chr22,8,hor_22_9(S2C14/22H1L),hor_22_9(S2C14/22H1L),hor_22_9(S2C14/22H1L),hor_22_9(S2C14/22H1L),hor_22_5(S6C22H2-A),hor_22_6(S6C22H2-B),True,True,True,False,False
chr3,4,hor_3_2(S01/1C3H1L),hor_3_2(S01/1C3H1L),hor_3_2(S01/1C3H1L),hor_3_3(S01/1C3H1L),hor_3_1(S01C3H2),hor_3_3(S01/1C3H1L),True,True,False,False,False
chr4,4,hor_4_2(S2C4H1L),hor_4_2(S2C4H1L),hor_4_1(S2C4H1L),hor_4_2(S2C4H1L),hor_4_4(S5C4H2),hor_4_3(S2C4H1L),True,False,True,False,False
chr5,7,hor_5_6(S1C1/5/19H1L),hor_5_6(S1C1/5/19H1L),hor_5_6(S1C1/5/19H1L),hor_5_6(S1C1/5/19H1L),hor_5_7(S5C5H6),hor_5_6(S1C1/5/19H1L),True,True,True,False,True
chr7,2,hor_7_2(S1C7H1L),hor_7_2(S1C7H1L),hor_7_2(S1C7H1L),hor_7_2(S1C7H1L),hor_7_1(S5C7H2),hor_7_2(S1C7H1L),True,True,True,False,True
