chrom,array_name,span_bp,bz2_off0,bz2_off500,bz2_off1000,bz2_off1500,bz2_off2000,bz2_off2500,bz2_off3000,bz2_off3500,bz2_min,bz2_max,phase_spread
chr1,"hor_1_2(S3C1H2-A,B)",42728,2.1400000000000006,2.115636363636364,2.1224,2.1528,2.1724000000000006,2.1684000000000005,2.1608000000000005,2.162,2.115636363636364,2.1724000000000006,0.05676363636363657
chr1,hor_1_3(S3C1H2-B),120272,2.1916,2.1896,2.1876,2.1872,2.1860000000000004,2.1860689655172414,2.1884137931034484,2.193241379310345,2.1860000000000004,2.193241379310345,0.00724137931034452
chr1,hor_1_5(S1C1/5/19H1L),4504439,1.6435843694493784,1.6448277087033747,1.6440923623445827,1.638777975133215,1.6352539964476023,1.6311146666666665,1.6336213333333334,1.6405226666666666,1.6311146666666665,1.6448277087033747,0.0137130420367082
chr1,hor_1_6(S3C1H2-A),290315,2.0883835616438358,2.0885555555555557,2.0901111111111113,2.089055555555556,2.0897222222222225,2.0894999999999997,2.092833333333333,2.0907222222222224,2.0883835616438358,2.092833333333333,0.004449771689497339
chr1,"hor_1_7(S3C1H2-C,D)",20603,2.096,2.1048,2.088,2.0936000000000003,2.084,2.1008000000000004,2.097,2.087,2.084,2.1048,0.02079999999999993
chr1,hor_1_8(S3C1H2-D),21756,2.1112,2.116,2.1000000000000005,2.1048,2.1096,2.096,2.1288,2.124,2.096,2.1288,0.03279999999999994
chr1,hor_1_9(S3C1H2-C),67989,2.100470588235294,2.1014117647058823,2.1094117647058823,2.1,2.096,2.0824999999999996,2.09075,2.09775,2.0824999999999996,2.1094117647058823,0.026911764705882746
chr2,hor_2_4(S2C2H1L),2339480,1.5388376068376068,1.5384205128205128,1.5383316239316238,1.5393424657534247,1.5413835616438356,1.5402876712328768,1.5398013698630135,1.5371986301369862,1.5371986301369862,1.5413835616438356,0.004184931506849399
chr2,hor_2_5(S2C2H2-A),22044,1.9513333333333331,1.964,1.9712,1.9456,1.9728,1.9664000000000001,1.9735999999999998,1.9751999999999998,1.9456,1.9751999999999998,0.02959999999999985
chr3,hor_3_1(S01C3H2),675649,2.0316923076923077,2.0313846153846153,2.03105325443787,2.0322366863905326,2.029857142857143,2.0313809523809527,2.0303095238095237,2.031595238095238,2.029857142857143,2.0322366863905326,0.0023795435333897608
chr3,hor_3_2(S01/1C3H1L),857820,1.963532710280374,1.96203738317757,1.961177570093458,1.9634205607476636,1.962130841121495,1.9631214953271026,1.9638878504672896,1.9611401869158882,1.9611401869158882,1.9638878504672896,0.002747663551401436
chr3,hor_3_3(S01/1C3H1L),33644,1.9655,1.96,1.9609999999999999,1.975,1.971,1.9805000000000001,1.9695,1.9615,1.96,1.9805000000000001,0.020500000000000185
chr3,hor_3_4(S01/1C3H1L),551557,1.9728695652173915,1.9731884057971019,1.973768115942029,1.970840579710145,1.973839416058394,1.9728759124087591,1.971065693430657,1.973693430656934,1.970840579710145,1.973839416058394,0.0029988363482491565
chr4,hor_4_1(S2C4H1L),728403,1.9008571428571426,1.9000219780219778,1.9017362637362636,1.9009450549450546,1.89621978021978,1.8938563535911603,1.8928839779005524,1.8951381215469612,1.8928839779005524,1.9017362637362636,0.008852285835711182
chr4,hor_4_2(S2C4H1L),2755024,1.8795007256894047,1.8816835994194485,1.8872743105950656,1.8875639534883717,1.882825581395349,1.8834418604651162,1.8845872093023255,1.883482558139535,1.8795007256894047,1.8875639534883717,0.008063227798966954
chr4,hor_4_3(S2C4H1L),219505,1.9551272727272726,1.9592000000000003,1.9593454545454547,1.960581818181818,1.9582962962962962,1.9630370370370371,1.964148148148148,1.961259259259259,1.9551272727272726,1.964148148148148,0.009020875420875374
chr4,hor_4_4(S5C4H2),103397,1.999230769230769,2.001846153846154,1.997076923076923,2.0111999999999997,2.01104,2.01248,2.00816,1.99968,1.997076923076923,2.01248,0.015403076923077075
chr5,hor_5_1(S5C5/19H5),67146,2.071058823529412,2.077176470588235,2.0724705882352943,2.0709999999999997,2.07675,2.072,2.0775,2.07475,2.0709999999999997,2.0775,0.006500000000000394
chr5,hor_5_3(S1C5H2),209092,2.0069230769230773,2.001846153846154,2.0053846153846155,2.002,2.0013846153846155,2.004153846153846,2.0040769230769233,2.0064313725490197,2.0013846153846155,2.0069230769230773,0.005538461538461714
chr5,hor_5_5(S1C5H2),27539,2.0091428571428573,1.9960000000000002,2.013142857142857,2.021714285714286,2.002,2.006,1.997333333333333,1.9993333333333336,1.9960000000000002,2.021714285714286,0.02571428571428558
chr5,hor_5_6(S1C1/5/19H1L),2519423,1.5967238095238094,1.5955238095238096,1.591384126984127,1.5872114467408585,1.582550079491256,1.5831669316375196,1.5900349761526233,1.59079173290938,1.582550079491256,1.5967238095238094,0.014173730032553511
chr5,hor_5_7(S5C5H6),328441,1.8884390243902436,1.887658536585366,1.8961951219512194,1.8980487804878048,1.9027317073170735,1.9043950617283953,1.8907654320987657,1.8911604938271604,1.887658536585366,1.9043950617283953,0.016736525143029368
chr5,hor_5_8(S5C5/19H7-B),64738,1.98675,2.0054999999999996,2.0307500000000003,2.03125,2.01225,1.9955,1.9738666666666664,1.9637333333333336,1.9637333333333336,2.03125,0.06751666666666645
chr5,hor_5_9(S5C5/19H4-B),297222,2.0501081081081076,2.057621621621622,2.0562162162162165,2.0601081081081083,2.061783783783784,2.058972972972973,2.0592432432432433,2.0576438356164384,2.0501081081081076,2.061783783783784,0.011675675675676178
chr7,hor_7_1(S5C7H2),204016,1.9705882352941178,1.97921568627451,1.979843137254902,1.9824313725490197,1.9813333333333332,1.976,1.9754399999999999,1.9680799999999998,1.9680799999999998,1.9824313725490197,0.014351372549019858
chr7,hor_7_2(S1C7H1L),3300127,1.5187199999999998,1.5187345454545453,1.5197915151515151,1.520121212121212,1.5204072727272728,1.5214708737864078,1.519766990291262,1.5177184466019416,1.5177184466019416,1.5214708737864078,0.0037524271844662227
chr10,hor_10_1(S1C10H1L),2030796,1.727732283464567,1.7342677165354332,1.7305246548323472,1.7288836291913214,1.7331045364891517,1.7275897435897434,1.7288520710059172,1.7284497041420117,1.7275897435897434,1.7342677165354332,0.006677972945689836
chr10,hor_10_2(S1C10H1-B),114653,1.919448275862069,1.918896551724138,1.9149999999999998,1.9152857142857138,1.919857142857143,1.9131428571428573,1.92,1.9247142857142856,1.9131428571428573,1.9247142857142856,0.011571428571428344
chr10,hor_10_3(S1C10H1-C),101828,1.9252799999999999,1.9243200000000003,1.9292799999999999,1.9216000000000002,1.9187199999999998,1.92976,1.9241599999999999,1.9299199999999999,1.9187199999999998,1.9299199999999999,0.011200000000000099
chr10,hor_10_4(S1C10H2),45167,1.9258181818181819,1.897090909090909,1.8945454545454545,1.9112727272727275,1.897454545454545,1.8618181818181818,1.894909090909091,1.9151999999999998,1.8618181818181818,1.9258181818181819,0.06400000000000006
chr11,"hor_11_2(S3C11H1L,S3C11H3d)",26159,1.9719999999999998,1.9733333333333334,1.9586666666666666,1.9193333333333331,1.9566666666666663,1.95,1.968,1.976,1.9193333333333331,1.976,0.056666666666666865
chr11,hor_11_3(S3C11H1L),3351536,1.7487684964200476,1.7478138424821004,1.748596658711217,1.7477183770883051,1.7473405017921146,1.7470537634408603,1.746308243727599,1.7469964157706093,1.746308243727599,1.7487684964200476,0.00246025269244865
chr11,hor_11_4(S3C11H2),29861,2.113142857142857,2.1222857142857143,2.125714285714286,2.138285714285715,2.1354285714285717,2.133142857142857,2.1342857142857143,2.128571428571429,2.113142857142857,2.138285714285715,0.0251428571428578
chr11,hor_11_5(S3C11H2),25581,2.111333333333333,2.096666666666667,2.1006666666666667,2.112,2.108,2.106666666666667,2.103333333333333,2.0959999999999996,2.0959999999999996,2.112,0.01600000000000046
chr12,hor_12_1(S1C12H2),27346,1.9182857142857144,1.9222857142857142,1.9239999999999997,1.9400000000000002,1.9213333333333333,1.9000000000000001,1.8926666666666667,1.89,1.89,1.9400000000000002,0.050000000000000266
chr12,hor_12_2(S1C12H1L),2581652,1.6975379844961238,1.698294573643411,1.6988961240310079,1.6996093023255814,1.698412403100775,1.698418604651163,1.6964341085271315,1.6970790697674418,1.6964341085271315,1.6996093023255814,0.0031751937984498824
chr13,hor_13_1(S4/6C13/14/21H1),35908,1.9995555555555558,1.9786666666666666,1.9333333333333336,1.951111111111111,2.0220000000000002,2.0415,2.0564999999999998,2.0455000000000005,1.9333333333333336,2.0564999999999998,0.1231666666666662
chr13,hor_13_2(S5C13/14/21H2),18782,1.8144000000000002,1.816,1.841,1.8610000000000002,1.85,1.826,1.818,1.8010000000000002,1.8010000000000002,1.8610000000000002,0.06000000000000005
chr13,hor_13_3(S2C13/21H1L),1950698,1.8117213114754098,1.8111721311475413,1.8124681724845997,1.8141026694045177,1.8140698151950718,1.813232032854209,1.8125831622176594,1.8133141683778233,1.8111721311475413,1.8141026694045177,0.0029305382569764227
chr14,hor_14_1(S5C13/14/21H2),78381,1.8448,1.818105263157895,1.8120000000000003,1.8090526315789475,1.808842105263158,1.8282105263157897,1.8378947368421052,1.853684210526316,1.808842105263158,1.853684210526316,0.044842105263158016
chr14,hor_14_2(S4/6C13/14/21H1),73355,2.000222222222222,2.048666666666667,2.0595555555555554,2.0504444444444445,2.0073333333333334,1.957333333333333,1.9666666666666666,1.969647058823529,1.957333333333333,2.0595555555555554,0.10222222222222244
chr14,hor_14_3(S2C14/22H1L),2616299,1.8080305810397554,1.8108256880733948,1.8102874617737004,1.8095535168195716,1.8108746177370032,1.80868606431853,1.8110321592649312,1.8100581929555895,1.8080305810397554,1.8110321592649312,0.0030015782251757717
chr15,hor_15_1(S4C15H3-B),77829,2.0134736842105263,2.0166315789473686,2.009894736842105,2.0134736842105263,2.0088421052631573,2.0174736842105263,2.0193684210526315,2.021052631578948,2.0088421052631573,2.021052631578948,0.01221052631579056
chr15,hor_15_2(S4C15H3-A),198886,1.9948799999999998,1.99456,1.9932244897959186,1.9955918367346936,1.993142857142857,1.990285714285714,1.991265306122449,1.989959183673469,1.989959183673469,1.9955918367346936,0.005632653061224735
chr15,hor_15_3(S4C15H2),558971,2.004885714285714,2.0060571428571428,2.0053525179856115,2.005640287769784,2.003654676258993,2.002791366906475,2.0040575539568346,2.003539568345324,2.002791366906475,2.0060571428571428,0.003265775950667571
chr15,hor_15_4(S2C15H1L),1015672,1.8284094488188976,1.828740157480315,1.8293070866141732,1.8300787401574805,1.829691699604743,1.8286640316205534,1.829075098814229,1.8285691699604745,1.8284094488188976,1.8300787401574805,0.0016692913385829566
chr16,hor_16_4(S1C16H1L),1938824,1.745055670103093,1.7460701030927837,1.7466198347107438,1.7480495867768595,1.7456115702479338,1.7464132231404956,1.7465371900826447,1.7452066115702478,1.745055670103093,1.7480495867768595,0.0029939166737664724
chr16,"hor_16_5(S1C16H1L,S1C1/5/19H1L)",36169,1.916888888888889,1.9031111111111112,1.9044444444444446,1.9040000000000004,1.9004444444444448,1.915,1.9255,1.921,1.9004444444444448,1.9255,0.025055555555555165
chr17,hor_17_1(S3C17H1-B),459047,2.1240000000000006,2.118747826086957,2.1145391304347823,2.11540350877193,2.1176842105263156,2.1210877192982456,2.121157894736842,2.123684210526316,2.1145391304347823,2.1240000000000006,0.0094608695652183
chr17,hor_17_2(S3C17H1L),3594520,2.017187986651835,2.0191946607341493,2.018115812917595,2.0180890868596886,2.0191492204899775,2.016561247216036,2.0162806236080177,2.01784855233853,2.0162806236080177,2.0191946607341493,0.0029140371261315856
chr17,hor_17_3(S3C17H1-C),84380,2.08,2.069714285714286,2.0678095238095233,2.0748571428571423,2.0624761904761906,2.0789999999999997,2.0804,2.0666,2.0624761904761906,2.0804,0.017923809523809453
chr18,hor_18_1(S2C18H2-A),300732,2.0311466666666664,2.03312,2.0339733333333334,2.0305066666666662,2.0324800000000005,2.0356799999999997,2.0319999999999996,2.030918918918919,2.0305066666666662,2.0356799999999997,0.005173333333333474
chr18,"hor_18_2(S2C18H2-B,A)",20495,2.1159999999999997,2.0888,2.1088,2.1336,2.1184000000000003,2.13,2.136,2.119,2.0888,2.136,0.04720000000000013
chr18,hor_18_5(S2C18H1L),4768615,1.8492852348993287,1.8501073825503356,1.8495201342281877,1.8490671140939594,1.8466845637583893,1.847221476510067,1.8469857262804368,1.8474156171284635,1.8466845637583893,1.8501073825503356,0.0034228187919462805
chr18,"hor_18_6(S2C18H1L,S2C20H2)",193302,1.88975,1.8800833333333333,1.8831666666666667,1.8748333333333331,1.8796666666666664,1.882,1.886,1.890893617021277,1.8748333333333331,1.890893617021277,0.016060283687943766
chr18,hor_18_7(S2C18H2-D),81988,1.9258000000000002,1.9189999999999998,1.8966,1.902,1.9099999999999997,1.905,1.9137999999999997,1.9256,1.8966,1.9258000000000002,0.029200000000000115
chr18,"hor_18_9(S2C18H2-B,E)",96571,2.0096666666666665,1.9863333333333333,1.993,2.0041666666666664,1.9921666666666666,1.9953333333333336,2.0073043478260866,2.013217391304348,1.9863333333333333,2.013217391304348,0.026884057971014785
chr19,hor_19_1(S5C5/19H4-A),84809,1.9859047619047618,1.9878095238095237,1.9895238095238095,1.9885714285714282,1.9904761904761903,2.000761904761904,1.9866,1.9910000000000003,1.9859047619047618,2.000761904761904,0.014857142857142014
chr19,hor_19_2(S5C5/19H4-B),558760,2.0724285714285715,2.0732857142857144,2.071741007194245,2.072,2.0758561151079133,2.076489208633093,2.073122302158273,2.0747625899280577,2.071741007194245,2.076489208633093,0.004748201438848021
chr19,"hor_19_4(S5C5/19H7-A,B)",24018,1.997333333333333,1.9986666666666668,2.0253333333333337,2.0193333333333334,1.9733333333333334,2.0096,1.9744,1.9424,1.9424,2.0253333333333337,0.08293333333333375
chr19,hor_19_5(S5C5/19H7-A),211035,1.9650566037735846,1.9689811320754718,1.957132075471698,1.9681538461538464,1.968769230769231,1.9654615384615386,1.9716923076923076,1.9615384615384615,1.957132075471698,1.9716923076923076,0.014560232220609537
chr19,"hor_19_6(S5C5/19H7-A,B)",80400,2.0026,1.9982,2.0028,2.0028,1.9804,1.9759999999999998,1.976842105263158,1.9947368421052631,1.9759999999999998,2.0028,0.02680000000000038
chr19,hor_19_8(S5C5/19H5),41188,2.1008,2.0976,2.0960000000000005,2.098,2.0944000000000003,2.1052000000000004,2.0960000000000005,2.1,2.0944000000000003,2.1052000000000004,0.010800000000000143
chr19,hor_19_13(S1C1/5/19H1L),3917072,1.3474279877425945,1.3470725229826355,1.3457977528089888,1.349009193054137,1.3500633299284985,1.3513094994892747,1.3498304392236975,1.34679754601227,1.3457977528089888,1.3513094994892747,0.005511746680285867
chr19,"hor_19_14(S1C1/5/19H1L,S1C16H1L,S1CMH3d)",19832,1.8592,1.8496000000000001,1.8536000000000001,1.8392,1.8330000000000002,1.8730000000000002,1.871,1.873,1.8330000000000002,1.8730000000000002,0.040000000000000036
chr20,hor_20_1(S2C20H2),542194,1.8557352941176475,1.8557925925925927,1.8529777777777776,1.8533925925925925,1.8522666666666667,1.8555259259259258,1.8571851851851853,1.8578962962962962,1.8522666666666667,1.8578962962962962,0.005629629629629429
chr20,hor_20_2(S2C20H1L),2173803,1.84046408839779,1.841841620626151,1.8388139963167587,1.8443830570902395,1.8440662983425413,1.8422762430939226,1.8446556169429098,1.8409429097605894,1.8388139963167587,1.8446556169429098,0.005841620626151123
chr20,hor_20_3(S02C20H3),421396,1.885485714285714,1.8760380952380953,1.8754285714285712,1.879314285714286,1.878247619047619,1.8831238095238096,1.8805714285714286,1.8833461538461538,1.8754285714285712,1.885485714285714,0.010057142857142765
chr20,hor_20_4(S5C20H6),150984,1.5235789473684211,1.515157894736842,1.5098378378378379,1.5223783783783782,1.515783783783784,1.5177297297297294,1.517081081081081,1.5168648648648648,1.5098378378378379,1.5235789473684211,0.013741109530583273
chr20,hor_20_10(S4C20H7),58942,1.8573333333333337,1.8544000000000003,1.8668571428571428,1.8782857142857143,1.8594285714285714,1.8577142857142857,1.8554285714285714,1.858857142857143,1.8544000000000003,1.8782857142857143,0.023885714285714066
chr20,hor_20_11(S4C20H8),61727,1.8965333333333334,1.9026666666666665,1.9162666666666666,1.9183999999999999,1.9093333333333329,1.8983999999999999,1.8890666666666667,1.8882666666666665,1.8882666666666665,1.9183999999999999,0.030133333333333345
chr21,hor_21_1(S4/6C13/14/21H1),72804,2.0615555555555556,2.028666666666667,1.9753333333333336,1.9448888888888887,1.9251111111111112,1.9633333333333336,2.0291764705882356,2.051058823529412,1.9251111111111112,2.0615555555555556,0.13644444444444437
chr21,hor_21_3(S2C13/21H1L),331149,1.8531566265060242,1.8476144578313247,1.8436626506024096,1.8409756097560976,1.8404390243902438,1.8443414634146347,1.8471219512195125,1.8523414634146345,1.8404390243902438,1.8531566265060242,0.012717602115780435
chr22,hor_22_1(S6C22H2-A),88318,2.090181818181818,2.096909090909091,2.0909090909090913,2.0941818181818177,2.088,2.0758095238095238,2.0839999999999996,2.0832380952380953,2.0758095238095238,2.096909090909091,0.021099567099567285
chr22,hor_22_2(S6C22H2-B),124225,2.1172903225806454,2.1110967741935487,2.1087741935483875,2.117677419354839,2.1228387096774197,2.1265333333333336,2.121066666666666,2.123866666666667,2.1087741935483875,2.1265333333333336,0.017759139784946143
chr22,hor_22_3(S6C22H2-A),22431,2.0846666666666667,2.0872,2.0872,2.0864,2.0816000000000003,2.0728,2.0784,2.0832,2.0728,2.0872,0.01440000000000019
chr22,hor_22_4(S6C22H2-B),32383,2.1105,2.114,2.123,2.108,2.124,2.118857142857143,2.1222857142857143,2.1102857142857143,2.108,2.124,0.016000000000000014
chr22,hor_22_5(S6C22H2-A),55134,2.086857142857143,2.0848571428571425,2.088285714285714,2.090153846153846,2.0830769230769235,2.0775384615384613,2.0726153846153847,2.0707692307692307,2.0707692307692307,2.090153846153846,0.019384615384615334
chr22,hor_22_6(S6C22H2-B),191585,2.13175,2.1301666666666668,2.1360833333333336,2.1421666666666668,2.1445106382978727,2.141617021276596,2.1403404255319156,2.1384680851063833,2.1301666666666668,2.1445106382978727,0.014343971631205932
chr22,hor_22_7(S6C22H2-A),46063,2.0909999999999997,2.0901818181818186,2.085090909090909,2.0770909090909093,2.0647272727272727,2.066181818181818,2.0694545454545454,2.0829090909090913,2.0647272727272727,2.0909999999999997,0.026272727272727003
chr22,hor_22_9(S2C14/22H1L),2922885,1.817734610123119,1.8168098495212037,1.8166410958904111,1.8152438356164387,1.8155123287671233,1.8170958904109589,1.8152493150684932,1.8179342465753425,1.8152438356164387,1.8179342465753425,0.002690410958903877
