start,end,evo2_bpb
9000000,9002000,0.838732
9008000,9010000,0.833791
9016000,9018000,0.894621
9024000,9026000,1.735531
9032000,9034000,1.772198
9040000,9042000,1.611065
9048000,9050000,1.493490
9056000,9058000,1.847621
9064000,9066000,1.676538
9072000,9074000,1.861418
9080000,9082000,1.294821
9088000,9090000,1.361885
9096000,9098000,1.722355
9104000,9106000,1.096939
9112000,9114000,1.275417
9120000,9122000,1.382290
9128000,9130000,1.563812
9136000,9138000,1.815460
9144000,9146000,1.533791
9152000,9154000,1.531098
9160000,9162000,0.807287
9168000,9170000,0.886332
9176000,9178000,0.705390
9184000,9186000,1.616584
9192000,9194000,1.893171
9200000,9202000,1.845890
9208000,9210000,1.898410
9216000,9218000,1.659214
9224000,9226000,1.328198
9232000,9234000,1.561746
9240000,9242000,1.563208
9248000,9250000,1.140756
9256000,9258000,1.907581
9264000,9266000,1.025331
9272000,9274000,1.658669
9280000,9282000,1.434309
9288000,9290000,1.325259
9296000,9298000,1.715961
9304000,9306000,1.751052
9312000,9314000,1.733780
9320000,9322000,1.412194
9328000,9330000,1.781041
9336000,9338000,1.567431
9344000,9346000,1.736396
9352000,9354000,1.687201
9360000,9362000,1.523067
9368000,9370000,1.741087
9376000,9378000,1.700238
9384000,9386000,1.464451
9392000,9394000,1.462152
9400000,9402000,1.393562
9408000,9410000,1.444551
9416000,9418000,1.450193
9424000,9426000,1.504791
9432000,9434000,1.403697
9440000,9442000,1.392338
9448000,9450000,1.487688
9456000,9458000,1.429669
9464000,9466000,1.609225
9472000,9474000,0.647383
9480000,9482000,1.671034
9488000,9490000,0.929335
9496000,9498000,1.348796
9504000,9506000,1.753220
9512000,9514000,1.812686
9520000,9522000,1.579754
9528000,9530000,1.449617
9536000,9538000,1.506730
9544000,9546000,1.788380
9552000,9554000,1.481375
9560000,9562000,1.378180
9568000,9570000,0.862916
9576000,9578000,1.557735
9584000,9586000,1.349451
9592000,9594000,1.309452
9600000,9602000,1.785545
9608000,9610000,1.782062
9616000,9618000,1.425848
9624000,9626000,1.772631
9632000,9634000,1.646957
9640000,9642000,1.578352
9648000,9650000,1.832316
9656000,9658000,1.380232
9664000,9666000,1.436662
9672000,9674000,1.852271
9680000,9682000,1.665133
9688000,9690000,1.400623
9696000,9698000,1.609901
9704000,9706000,1.703191
9712000,9714000,1.230708
9720000,9722000,1.153161
9728000,9730000,1.624135
9736000,9738000,0.827339
9744000,9746000,1.247636
9752000,9754000,1.572546
9760000,9762000,1.696159
9768000,9770000,0.976257
9776000,9778000,1.174065
9784000,9786000,1.414378
9792000,9794000,0.930490
9800000,9802000,1.535738
9808000,9810000,1.497178
9816000,9818000,1.200773
9824000,9826000,0.773979
9832000,9834000,0.820369
9840000,9842000,1.843183
9848000,9850000,0.968340
9856000,9858000,0.912065
9864000,9866000,1.539402
9872000,9874000,0.798677
9880000,9882000,1.065992
9888000,9890000,1.597778
9896000,9898000,1.596306
9904000,9906000,1.333743
9912000,9914000,1.115753
9920000,9922000,1.117604
9928000,9930000,1.525283
9936000,9938000,1.470563
9944000,9946000,1.205382
9952000,9954000,1.422916
9960000,9962000,1.793531
9968000,9970000,0.394722
9976000,9978000,1.001002
9984000,9986000,0.770211
9992000,9994000,0.817454
10000000,10002000,0.774747
10008000,10010000,0.810178
10016000,10018000,0.683390
10024000,10026000,0.614397
10032000,10034000,0.795157
10040000,10042000,0.811899
10048000,10050000,0.741294
10056000,10058000,0.886676
10064000,10066000,0.794656
10072000,10074000,0.469055
10080000,10082000,0.805343
10088000,10090000,0.822592
10096000,10098000,0.694703
10104000,10106000,0.892628
10112000,10114000,0.855485
10120000,10122000,0.845900
10128000,10130000,0.853269
10136000,10138000,0.844788
10144000,10146000,0.807687
10152000,10154000,0.402391
10160000,10162000,0.731131
10168000,10170000,0.716061
10176000,10178000,0.839888
10184000,10186000,0.865233
10192000,10194000,0.823756
10200000,10202000,0.794856
10208000,10210000,0.871595
10216000,10218000,0.831236
10224000,10226000,0.789406
10232000,10234000,0.896857
10240000,10242000,0.807852
10248000,10250000,0.853045
10256000,10258000,0.756974
10264000,10266000,0.888465
10272000,10274000,0.830844
10280000,10282000,0.836836
10288000,10290000,0.818164
10296000,10298000,0.787979
10304000,10306000,0.800525
10312000,10314000,0.820014
10320000,10322000,0.655442
10328000,10330000,0.959268
10336000,10338000,0.845458
10344000,10346000,0.731516
10352000,10354000,0.301600
10360000,10362000,0.793980
10368000,10370000,0.776985
10376000,10378000,0.850105
10384000,10386000,0.248499
10392000,10394000,0.922287
10400000,10402000,0.849772
10408000,10410000,0.962897
10416000,10418000,0.889372
10424000,10426000,0.914597
10432000,10434000,0.761717
10440000,10442000,0.792692
10448000,10450000,0.792263
10456000,10458000,0.768277
10464000,10466000,0.799028
10472000,10474000,0.810851
10480000,10482000,1.883777
10488000,10490000,1.367666
10496000,10498000,1.510973
10504000,10506000,1.411997
10512000,10514000,1.892777
10520000,10522000,1.697052
10528000,10530000,1.633874
10536000,10538000,1.380520
10544000,10546000,1.506035
10552000,10554000,1.291926
10560000,10562000,0.749604
10568000,10570000,1.094181
10576000,10578000,1.097611
10584000,10586000,1.668599
10592000,10594000,1.653045
10600000,10602000,1.906778
10608000,10610000,1.209162
10616000,10618000,1.377622
10624000,10626000,1.288583
10632000,10634000,1.629889
10640000,10642000,1.599389
10648000,10650000,1.636338
10656000,10658000,1.257769
10664000,10666000,1.523013
10672000,10674000,1.808137
10680000,10682000,1.347032
10688000,10690000,1.304386
10696000,10698000,1.704330
10704000,10706000,1.150957
10712000,10714000,1.435691
10720000,10722000,1.441969
10728000,10730000,1.330042
10736000,10738000,0.954899
10744000,10746000,1.188530
10752000,10754000,0.876364
10760000,10762000,1.514620
10768000,10770000,1.199697
10776000,10778000,0.336444
10784000,10786000,1.621982
10792000,10794000,0.850434
10800000,10802000,1.196020
10808000,10810000,1.080360
10816000,10818000,1.375768
10824000,10826000,0.485644
10832000,10834000,0.488721
10840000,10842000,0.587115
10848000,10850000,0.674790
10856000,10858000,0.621291
10864000,10866000,0.519398
10872000,10874000,0.634240
10880000,10882000,0.615698
10888000,10890000,0.605171
10896000,10898000,0.633945
10904000,10906000,0.619786
10912000,10914000,0.628544
10920000,10922000,0.609527
10928000,10930000,0.627382
10936000,10938000,0.647678
10944000,10946000,0.612315
10952000,10954000,0.626725
10960000,10962000,0.650658
10968000,10970000,0.760829
10976000,10978000,0.759141
10984000,10986000,0.771575
10992000,10994000,0.741585
11000000,11002000,0.735914
11008000,11010000,0.739104
11016000,11018000,0.741941
11024000,11026000,0.749236
11032000,11034000,0.769211
11040000,11042000,0.733735
11048000,11050000,0.779787
11056000,11058000,0.753141
11064000,11066000,0.779956
11072000,11074000,0.781905
11080000,11082000,0.747396
11088000,11090000,0.770879
11096000,11098000,0.774063
11104000,11106000,0.775135
11112000,11114000,0.790081
11120000,11122000,0.758690
11128000,11130000,0.777512
11136000,11138000,0.799303
11144000,11146000,0.785059
11152000,11154000,0.720730
11160000,11162000,0.751520
11168000,11170000,0.751634
11176000,11178000,0.762940
11184000,11186000,0.770066
11192000,11194000,0.744416
11200000,11202000,0.761795
11208000,11210000,0.752000
11216000,11218000,0.671871
11224000,11226000,0.745408
11232000,11234000,0.746731
11240000,11242000,0.757651
11248000,11250000,0.773511
11256000,11258000,0.748178
11264000,11266000,0.781220
11272000,11274000,0.744383
11280000,11282000,0.736596
11288000,11290000,0.771003
11296000,11298000,0.812103
11304000,11306000,0.883489
11312000,11314000,0.866779
11320000,11322000,0.795485
11328000,11330000,0.736747
11336000,11338000,0.851448
11344000,11346000,1.169612
11352000,11354000,1.699689
11360000,11362000,1.287035
11368000,11370000,1.216583
11376000,11378000,1.241172
11384000,11386000,1.670382
11392000,11394000,1.639171
11400000,11402000,1.136715
11408000,11410000,1.500418
11416000,11418000,0.538340
11424000,11426000,0.986303
11432000,11434000,1.126047
11440000,11442000,0.850844
11448000,11450000,1.238284
11456000,11458000,1.477124
11464000,11466000,1.429195
11472000,11474000,0.790549
11480000,11482000,0.338563
11488000,11490000,1.519111
11496000,11498000,1.736897
11504000,11506000,0.954095
11512000,11514000,1.874454
11520000,11522000,1.723988
11528000,11530000,1.429956
11536000,11538000,1.509928
11544000,11546000,1.497655
11552000,11554000,1.469670
11560000,11562000,0.939912
11568000,11570000,1.268320
11576000,11578000,1.247336
11584000,11586000,1.851970
11592000,11594000,1.737760
11600000,11602000,1.851155
11608000,11610000,1.724317
11616000,11618000,1.544663
11624000,11626000,1.825889
11632000,11634000,1.803575
11640000,11642000,1.596385
11648000,11650000,1.865423
11656000,11658000,1.243818
11664000,11666000,1.657889
11672000,11674000,0.786060
11680000,11682000,1.524676
11688000,11690000,1.451340
11696000,11698000,1.837702
11704000,11706000,1.785567
11712000,11714000,1.362729
11720000,11722000,1.059626
11728000,11730000,1.418819
11736000,11738000,1.314942
11744000,11746000,1.787464
11752000,11754000,1.587369
11760000,11762000,0.236920
11768000,11770000,1.544628
11776000,11778000,1.296114
11784000,11786000,1.527148
11792000,11794000,1.248477
11800000,11802000,1.218871
11808000,11810000,1.377291
11816000,11818000,0.814276
11824000,11826000,1.348317
11832000,11834000,1.259691
11840000,11842000,1.867289
11848000,11850000,1.065863
11856000,11858000,1.597267
11864000,11866000,1.342301
11872000,11874000,1.457603
11880000,11882000,1.238919
11888000,11890000,1.341447
11896000,11898000,1.293998
11904000,11906000,1.621005
11912000,11914000,1.533873
11920000,11922000,0.547837
11928000,11930000,1.427014
11936000,11938000,0.987597
11944000,11946000,1.783142
11952000,11954000,1.448962
11960000,11962000,1.651810
11968000,11970000,1.650121
11976000,11978000,1.612594
11984000,11986000,1.608606
11992000,11994000,1.062506
12000000,12002000,1.557418
12008000,12010000,1.442515
12016000,12018000,1.709773
12024000,12026000,1.094921
12032000,12034000,1.648773
12040000,12042000,1.471565
12048000,12050000,1.321396
12056000,12058000,1.767946
12064000,12066000,1.570605
12072000,12074000,0.517750
12080000,12082000,1.265215
12088000,12090000,1.412907
12096000,12098000,1.684240
12104000,12106000,1.850731
12112000,12114000,1.643022
12120000,12122000,1.141808
12128000,12130000,1.355273
12136000,12138000,1.249186
12144000,12146000,1.743457
12152000,12154000,1.537222
12160000,12162000,1.483714
12168000,12170000,1.817136
12176000,12178000,1.826567
12184000,12186000,1.706897
12192000,12194000,1.844178
12200000,12202000,1.298896
12208000,12210000,1.426488
12216000,12218000,1.324054
12224000,12226000,1.435830
12232000,12234000,1.290272
12240000,12242000,1.364456
12248000,12250000,1.439218
12256000,12258000,1.214255
12264000,12266000,1.569187
12272000,12274000,1.450196
12280000,12282000,0.832896
12288000,12290000,1.745163
12296000,12298000,1.778228
12304000,12306000,1.682329
12312000,12314000,1.808852
12320000,12322000,1.607838
12328000,12330000,1.547672
12336000,12338000,0.273003
12344000,12346000,1.539172
12352000,12354000,1.825599
12360000,12362000,1.287415
12368000,12370000,1.748843
12376000,12378000,1.901195
12384000,12386000,1.523661
12392000,12394000,1.328932
12400000,12402000,1.324213
12408000,12410000,1.510908
12416000,12418000,0.987103
12424000,12426000,1.239382
12432000,12434000,1.473102
12440000,12442000,1.356315
12448000,12450000,1.360454
12456000,12458000,1.362667
12464000,12466000,1.652240
12472000,12474000,1.530692
12480000,12482000,1.340861
12488000,12490000,1.492550
12496000,12498000,1.707061
12504000,12506000,1.326644
12512000,12514000,0.209597
12520000,12522000,1.587982
12528000,12530000,1.423914
12536000,12538000,1.191621
12544000,12546000,0.285272
12552000,12554000,1.824564
12560000,12562000,1.822635
12568000,12570000,1.269185
12576000,12578000,1.532974
12584000,12586000,1.388431
12592000,12594000,1.188067
12600000,12602000,1.399281
12608000,12610000,1.668898
12616000,12618000,1.880822
12624000,12626000,1.189022
12632000,12634000,1.651946
12640000,12642000,1.497175
12648000,12650000,1.816625
12656000,12658000,1.862064
12664000,12666000,1.574188
12672000,12674000,0.464637
12680000,12682000,1.681317
12688000,12690000,1.382995
12696000,12698000,1.702952
12704000,12706000,1.461890
12712000,12714000,1.630521
12720000,12722000,1.244186
12728000,12730000,1.523027
12736000,12738000,1.679708
12744000,12746000,1.800587
12752000,12754000,0.811349
12760000,12762000,1.260919
12768000,12770000,0.811801
12776000,12778000,1.368188
12784000,12786000,0.975799
12792000,12794000,0.640139
12800000,12802000,1.787004
12808000,12810000,1.875893
12816000,12818000,1.418145
12824000,12826000,1.910640
12832000,12834000,1.723599
12840000,12842000,1.655908
12848000,12850000,1.405411
12856000,12858000,1.723411
12864000,12866000,1.001170
12872000,12874000,1.692813
12880000,12882000,1.455393
12888000,12890000,1.594895
12896000,12898000,1.198624
12904000,12906000,1.908588
12912000,12914000,1.660222
12920000,12922000,1.582966
12928000,12930000,1.841559
12936000,12938000,1.526910
12944000,12946000,1.631628
12952000,12954000,1.730215
12960000,12962000,1.600683
12968000,12970000,1.590576
12976000,12978000,0.731104
12984000,12986000,1.843665
12992000,12994000,1.542284
