label,frag,evo2_bpb,model
satellite,0,0.814257,evo2_7b
satellite,1,1.358454,evo2_7b
satellite,2,1.150957,evo2_7b
satellite,3,1.177228,evo2_7b
satellite,4,1.603368,evo2_7b
satellite,5,1.304508,evo2_7b
satellite,6,1.435691,evo2_7b
satellite,7,1.358126,evo2_7b
satellite,8,1.051023,evo2_7b
satellite,9,0.947972,evo2_7b
satellite,10,1.441969,evo2_7b
satellite,11,0.860217,evo2_7b
satellite,12,1.483666,evo2_7b
satellite,13,1.420487,evo2_7b
satellite,14,1.330042,evo2_7b
satellite,15,1.047241,evo2_7b
satellite,16,1.578327,evo2_7b
satellite,17,1.444509,evo2_7b
satellite,18,0.954899,evo2_7b
satellite,19,1.189109,evo2_7b
satellite,20,1.044858,evo2_7b
satellite,21,0.937457,evo2_7b
satellite,22,1.188530,evo2_7b
satellite,23,0.728212,evo2_7b
satellite,24,1.159679,evo2_7b
satellite,25,1.431787,evo2_7b
satellite,26,0.876364,evo2_7b
satellite,27,1.192161,evo2_7b
satellite,28,0.851063,evo2_7b
satellite,29,1.622422,evo2_7b
satellite,30,1.514620,evo2_7b
satellite,31,1.439579,evo2_7b
satellite,32,0.806909,evo2_7b
satellite,33,1.578002,evo2_7b
satellite,34,1.199697,evo2_7b
satellite,35,1.643417,evo2_7b
satellite,36,0.587637,evo2_7b
satellite,37,0.426329,evo2_7b
satellite,38,0.336444,evo2_7b
satellite,39,1.290904,evo2_7b
satellite,40,1.626593,evo2_7b
satellite,41,1.744665,evo2_7b
satellite,42,1.621982,evo2_7b
satellite,43,1.550530,evo2_7b
satellite,44,1.495000,evo2_7b
satellite,45,1.574369,evo2_7b
satellite,46,0.850434,evo2_7b
satellite,47,1.340177,evo2_7b
satellite,48,1.180855,evo2_7b
satellite,49,1.339254,evo2_7b
satellite,50,1.196020,evo2_7b
satellite,51,1.253253,evo2_7b
satellite,52,1.278298,evo2_7b
satellite,53,1.315184,evo2_7b
satellite,54,1.080360,evo2_7b
satellite,55,1.298231,evo2_7b
satellite,56,1.346806,evo2_7b
satellite,57,1.369169,evo2_7b
satellite,58,1.375768,evo2_7b
satellite,59,0.699693,evo2_7b
satellite,60,0.647884,evo2_7b
satellite,61,0.500236,evo2_7b
satellite,62,0.485644,evo2_7b
satellite,63,0.553777,evo2_7b
satellite,64,0.508686,evo2_7b
satellite,65,0.539129,evo2_7b
satellite,66,0.488721,evo2_7b
satellite,67,0.654634,evo2_7b
satellite,68,0.640134,evo2_7b
satellite,69,0.631271,evo2_7b
satellite,70,0.587115,evo2_7b
satellite,71,0.551805,evo2_7b
satellite,72,0.643670,evo2_7b
satellite,73,0.554069,evo2_7b
satellite,74,0.674790,evo2_7b
satellite,75,0.643448,evo2_7b
satellite,76,0.609974,evo2_7b
satellite,77,0.635081,evo2_7b
satellite,78,0.621291,evo2_7b
satellite,79,0.630995,evo2_7b
satellite,80,0.641173,evo2_7b
satellite,81,0.557956,evo2_7b
satellite,82,0.519398,evo2_7b
satellite,83,0.635424,evo2_7b
satellite,84,0.639311,evo2_7b
satellite,85,0.583056,evo2_7b
satellite,86,0.634240,evo2_7b
satellite,87,0.668093,evo2_7b
satellite,88,0.577315,evo2_7b
satellite,89,0.544276,evo2_7b
satellite,90,0.615698,evo2_7b
satellite,91,0.671716,evo2_7b
satellite,92,0.599487,evo2_7b
satellite,93,0.628847,evo2_7b
satellite,94,0.605171,evo2_7b
satellite,95,0.656448,evo2_7b
satellite,96,0.591827,evo2_7b
satellite,97,0.655763,evo2_7b
satellite,98,0.633945,evo2_7b
satellite,99,0.617117,evo2_7b
satellite,100,0.655026,evo2_7b
satellite,101,0.518784,evo2_7b
satellite,102,0.619786,evo2_7b
satellite,103,0.670230,evo2_7b
satellite,104,0.622895,evo2_7b
satellite,105,0.594754,evo2_7b
satellite,106,0.628544,evo2_7b
satellite,107,0.625223,evo2_7b
satellite,108,0.620722,evo2_7b
satellite,109,0.624549,evo2_7b
satellite,110,0.609527,evo2_7b
satellite,111,0.603595,evo2_7b
satellite,112,0.655961,evo2_7b
satellite,113,0.603969,evo2_7b
satellite,114,0.627382,evo2_7b
satellite,115,0.644854,evo2_7b
satellite,116,0.646465,evo2_7b
satellite,117,0.587296,evo2_7b
satellite,118,0.647678,evo2_7b
satellite,119,0.655148,evo2_7b
unique,0,1.537190,evo2_7b
unique,1,1.729885,evo2_7b
unique,2,1.241510,evo2_7b
unique,3,1.728048,evo2_7b
unique,4,1.731281,evo2_7b
unique,5,1.236926,evo2_7b
unique,6,1.602805,evo2_7b
unique,7,1.547317,evo2_7b
unique,8,1.046837,evo2_7b
unique,9,1.511666,evo2_7b
unique,10,1.592012,evo2_7b
unique,11,1.573564,evo2_7b
unique,12,1.721484,evo2_7b
unique,13,1.542312,evo2_7b
unique,14,1.257903,evo2_7b
unique,15,1.800999,evo2_7b
unique,16,1.686339,evo2_7b
unique,17,1.744641,evo2_7b
unique,18,1.542934,evo2_7b
unique,19,1.642800,evo2_7b
unique,20,1.697033,evo2_7b
unique,21,1.138215,evo2_7b
unique,22,0.854472,evo2_7b
unique,23,1.400885,evo2_7b
unique,24,1.630493,evo2_7b
unique,25,1.866400,evo2_7b
unique,26,1.419244,evo2_7b
unique,27,1.708485,evo2_7b
unique,28,1.632633,evo2_7b
unique,29,1.850453,evo2_7b
unique,30,1.208818,evo2_7b
unique,31,0.612072,evo2_7b
unique,32,1.315606,evo2_7b
unique,33,1.623188,evo2_7b
unique,34,1.397762,evo2_7b
unique,35,1.916154,evo2_7b
unique,36,1.890811,evo2_7b
unique,37,1.882305,evo2_7b
unique,38,1.169974,evo2_7b
unique,39,1.823298,evo2_7b
unique,40,1.456217,evo2_7b
unique,41,1.089351,evo2_7b
unique,42,1.842070,evo2_7b
unique,43,1.927375,evo2_7b
unique,44,1.471962,evo2_7b
unique,45,1.641884,evo2_7b
unique,46,1.349918,evo2_7b
unique,47,1.758611,evo2_7b
unique,48,1.497847,evo2_7b
unique,49,1.664376,evo2_7b
unique,50,1.550423,evo2_7b
unique,51,1.609638,evo2_7b
unique,52,1.525794,evo2_7b
unique,53,1.855714,evo2_7b
unique,54,1.437148,evo2_7b
unique,55,1.580385,evo2_7b
unique,56,1.814770,evo2_7b
unique,57,1.853095,evo2_7b
unique,58,1.820357,evo2_7b
unique,59,1.631722,evo2_7b
unique,60,1.767701,evo2_7b
unique,61,1.707732,evo2_7b
unique,62,1.830375,evo2_7b
unique,63,1.762232,evo2_7b
unique,64,1.498631,evo2_7b
unique,65,1.616363,evo2_7b
unique,66,1.419622,evo2_7b
unique,67,1.486329,evo2_7b
unique,68,1.817114,evo2_7b
unique,69,1.649426,evo2_7b
unique,70,1.489518,evo2_7b
unique,71,1.644178,evo2_7b
unique,72,1.723625,evo2_7b
unique,73,1.465098,evo2_7b
unique,74,1.712577,evo2_7b
unique,75,1.340128,evo2_7b
unique,76,1.266236,evo2_7b
unique,77,1.058287,evo2_7b
unique,78,1.606253,evo2_7b
unique,79,1.549174,evo2_7b
unique,80,1.664127,evo2_7b
unique,81,1.209030,evo2_7b
unique,82,1.474627,evo2_7b
unique,83,1.461930,evo2_7b
unique,84,1.506287,evo2_7b
unique,85,1.720260,evo2_7b
unique,86,1.876784,evo2_7b
unique,87,1.089085,evo2_7b
unique,88,1.479822,evo2_7b
unique,89,1.901980,evo2_7b
unique,90,1.589031,evo2_7b
unique,91,1.889120,evo2_7b
unique,92,1.734081,evo2_7b
unique,93,1.102381,evo2_7b
unique,94,1.128994,evo2_7b
unique,95,1.859146,evo2_7b
unique,96,1.889993,evo2_7b
unique,97,1.816698,evo2_7b
unique,98,1.893251,evo2_7b
unique,99,1.859268,evo2_7b
unique,100,1.904538,evo2_7b
unique,101,1.647809,evo2_7b
unique,102,1.918239,evo2_7b
unique,103,1.674677,evo2_7b
unique,104,1.090425,evo2_7b
unique,105,1.212636,evo2_7b
unique,106,1.889293,evo2_7b
unique,107,1.678588,evo2_7b
unique,108,1.692571,evo2_7b
unique,109,1.903601,evo2_7b
unique,110,1.813223,evo2_7b
unique,111,1.888338,evo2_7b
unique,112,1.315655,evo2_7b
unique,113,1.854916,evo2_7b
unique,114,1.856561,evo2_7b
unique,115,1.562904,evo2_7b
unique,116,1.630595,evo2_7b
unique,117,1.661904,evo2_7b
unique,118,1.563347,evo2_7b
unique,119,1.685430,evo2_7b
coding,0,0.404631,evo2_7b
coding,1,0.757071,evo2_7b
coding,2,1.090961,evo2_7b
coding,3,1.438645,evo2_7b
coding,4,0.958585,evo2_7b
coding,5,0.586401,evo2_7b
coding,6,0.539485,evo2_7b
coding,7,1.054941,evo2_7b
coding,8,1.702171,evo2_7b
coding,9,1.522459,evo2_7b
coding,10,1.552930,evo2_7b
coding,11,0.755269,evo2_7b
coding,12,1.056741,evo2_7b
coding,13,0.374860,evo2_7b
coding,14,0.595051,evo2_7b
